best_len,config,donor_fallback,donor_found,engine,exp,gap,generations,instance,island_epochs,island_pop,islands,landscape,migrations,mode,n,seed,stag_epochs,tau,threads,time_to_target,total_pop,total_time,twoopt,valid,variant
16714.3,,0,0,opt,E9,4.92487,240,uniform500,192,30,8,uniform500,192,island-fixed,500,1,184,0.15,4,-1,240,3.055,1,0,naive
17002.1,,0,0,opt,E9,6.73197,230,uniform500,184,30,8,uniform500,184,island-fixed,500,2,180,0.15,4,-1,240,3.122,1,0,naive
17495.9,,0,0,opt,E9,9.83178,210,uniform500,168,30,8,uniform500,168,island-fixed,500,3,162,0.15,4,-1,240,3.02,1,0,naive
17359.3,,0,0,opt,E9,8.97417,210,uniform500,168,30,8,uniform500,168,island-fixed,500,4,162,0.15,4,-1,240,3.049,1,0,naive
17211.4,,0,0,opt,E9,8.04539,210,uniform500,168,30,8,uniform500,168,island-fixed,500,5,164,0.15,4,-1,240,3.037,1,0,naive
17105.5,,0,0,opt,E9,7.38101,210,uniform500,168,30,8,uniform500,168,island-fixed,500,6,161,0.15,4,-1,240,3,1,0,naive
17412.9,,0,0,opt,E9,9.31062,210,uniform500,168,30,8,uniform500,168,island-fixed,500,7,161,0.15,4,-1,240,3.077,1,0,naive
17115.5,,0,0,opt,E9,7.44336,200,uniform500,160,30,8,uniform500,160,island-fixed,500,8,153,0.15,4,-1,240,3.136,1,0,naive
17403.1,,0,0,opt,E9,9.24875,190,uniform500,152,30,8,uniform500,152,island-fixed,500,9,145,0.15,4,-1,240,3.006,1,0,naive
17412.1,,0,0,opt,E9,9.30565,200,uniform500,160,30,8,uniform500,160,island-fixed,500,10,153,0.15,4,-1,240,3.035,1,0,naive
16123.1,,0,0,opt,E9,1.2136,3160,uniform500,2528,30,8,uniform500,2528,island-fixed,500,1,2527,0.15,4,-1,240,3.008,1,0,fast
16280.8,,0,0,opt,E9,2.20347,3200,uniform500,2560,30,8,uniform500,2560,island-fixed,500,2,2560,0.15,4,-1,240,3.008,1,0,fast
16767.2,,0,0,opt,E9,5.2574,2990,uniform500,2392,30,8,uniform500,2392,island-fixed,500,3,2389,0.15,4,-1,240,3.002,1,0,fast
16680,,0,0,opt,E9,4.70992,3100,uniform500,2480,30,8,uniform500,2480,island-fixed,500,4,2479,0.15,4,-1,240,3.001,1,0,fast
16551.7,,0,0,opt,E9,3.90436,2980,uniform500,2384,30,8,uniform500,2384,island-fixed,500,5,2381,0.15,4,-1,240,3.007,1,0,fast
16382.1,,0,0,opt,E9,2.8396,2970,uniform500,2376,30,8,uniform500,2376,island-fixed,500,6,2372,0.15,4,-1,240,3,1,0,fast
16718.1,,0,0,opt,E9,4.94902,3050,uniform500,2440,30,8,uniform500,2440,island-fixed,500,7,2436,0.15,4,-1,240,3.001,1,0,fast
16533.1,,0,0,opt,E9,3.78786,2890,uniform500,2312,30,8,uniform500,2312,island-fixed,500,8,2312,0.15,4,-1,240,3.011,1,0,fast
16955,,0,0,opt,E9,6.43605,2830,uniform500,2264,30,8,uniform500,2264,island-fixed,500,9,2262,0.15,4,-1,240,3.008,1,0,fast
16756.8,,0,0,opt,E9,5.19174,3040,uniform500,2432,30,8,uniform500,2432,island-fixed,500,10,2430,0.15,4,-1,240,3,1,0,fast
16691.4,,136,14,opt,E9,4.78136,200,uniform500,160,30,8,uniform500,150,island-dtam,500,1,150,0.15,4,-1,240,3.158,1,0,naive
16748.9,,136,16,opt,E9,5.14209,200,uniform500,160,30,8,uniform500,152,island-dtam,500,2,152,0.15,4,-1,240,3.128,1,0,naive
17252.6,,152,3,opt,E9,8.30415,200,uniform500,160,30,8,uniform500,155,island-dtam,500,3,155,0.15,4,-1,240,3.119,1,0,naive
17314.7,,144,10,opt,E9,8.69385,200,uniform500,160,30,8,uniform500,154,island-dtam,500,4,154,0.15,4,-1,240,3.108,1,0,naive
17109.4,,128,25,opt,E9,7.40555,200,uniform500,160,30,8,uniform500,153,island-dtam,500,5,153,0.15,4,-1,240,3.111,1,0,naive
17244.5,,152,2,opt,E9,8.25343,200,uniform500,160,30,8,uniform500,154,island-dtam,500,6,154,0.15,4,-1,240,3.056,1,0,naive
17325.7,,144,9,opt,E9,8.76345,200,uniform500,160,30,8,uniform500,153,island-dtam,500,7,153,0.15,4,-1,240,3.104,1,0,naive
17223.2,,136,16,opt,E9,8.11975,200,uniform500,160,30,8,uniform500,152,island-dtam,500,8,152,0.15,4,-1,240,3.11,1,0,naive
17424.7,,136,9,opt,E9,9.38467,190,uniform500,152,30,8,uniform500,145,island-dtam,500,9,145,0.15,4,-1,240,3.151,1,0,naive
17536,,152,1,opt,E9,10.0832,200,uniform500,160,30,8,uniform500,153,island-dtam,500,10,153,0.15,4,-1,240,3.084,1,0,naive
16135.8,,2184,7,opt,E9,1.29369,2740,uniform500,2192,30,8,uniform500,2191,island-dtam,500,1,2191,0.15,4,-1,240,3.001,1,0,fast
16282.4,,2168,0,opt,E9,2.2141,2710,uniform500,2168,30,8,uniform500,2168,island-dtam,500,2,2168,0.15,4,-1,240,3.005,1,0,fast
16787.8,,2160,7,opt,E9,5.3866,2710,uniform500,2168,30,8,uniform500,2167,island-dtam,500,3,2167,0.15,4,-1,240,3.008,1,0,fast
16748.5,,2136,7,opt,E9,5.13948,2680,uniform500,2144,30,8,uniform500,2143,island-dtam,500,4,2143,0.15,4,-1,240,3.01,1,0,fast
16536.2,,2088,5,opt,E9,3.8068,2620,uniform500,2096,30,8,uniform500,2093,island-dtam,500,5,2093,0.15,4,-1,240,3.007,1,0,fast
16352.5,,2168,5,opt,E9,2.6537,2720,uniform500,2176,30,8,uniform500,2173,island-dtam,500,6,2173,0.15,4,-1,240,3.011,1,0,fast
16772.7,,2160,5,opt,E9,5.29157,2710,uniform500,2168,30,8,uniform500,2165,island-dtam,500,7,2165,0.15,4,-1,240,3.007,1,0,fast
16458.1,,2144,0,opt,E9,3.31669,2680,uniform500,2144,30,8,uniform500,2144,island-dtam,500,8,2144,0.15,4,-1,240,3.011,1,0,fast
16915.3,,2120,13,opt,E9,6.18662,2670,uniform500,2136,30,8,uniform500,2133,island-dtam,500,9,2133,0.15,4,-1,240,3,1,0,fast
16906.3,,2136,6,opt,E9,6.13008,2680,uniform500,2144,30,8,uniform500,2142,island-dtam,500,10,2142,0.15,4,-1,240,3.006,1,0,fast
5303.53,,0,0,opt,E9,-1,140,clustered600,112,30,8,clustered600,112,island-fixed,600,1,109,0.15,4,-1,240,3.197,1,0,naive
5609.01,,0,0,opt,E9,-1,140,clustered600,112,30,8,clustered600,112,island-fixed,600,2,110,0.15,4,-1,240,3.165,1,0,naive
5378.15,,0,0,opt,E9,-1,130,clustered600,104,30,8,clustered600,104,island-fixed,600,3,102,0.15,4,-1,240,3.002,1,0,naive
4711.5,,0,0,opt,E9,-1,140,clustered600,112,30,8,clustered600,112,island-fixed,600,4,107,0.15,4,-1,240,3.183,1,0,naive
5807.93,,0,0,opt,E9,-1,140,clustered600,112,30,8,clustered600,112,island-fixed,600,5,107,0.15,4,-1,240,3.134,1,0,naive
5184.26,,0,0,opt,E9,-1,130,clustered600,104,30,8,clustered600,104,island-fixed,600,6,103,0.15,4,-1,240,3.001,1,0,naive
5985.91,,0,0,opt,E9,-1,140,clustered600,112,30,8,clustered600,112,island-fixed,600,7,106,0.15,4,-1,240,3.188,1,0,naive
4764.86,,0,0,opt,E9,-1,130,clustered600,104,30,8,clustered600,104,island-fixed,600,8,102,0.15,4,-1,240,3.082,1,0,naive
5481.29,,0,0,opt,E9,-1,140,clustered600,112,30,8,clustered600,112,island-fixed,600,9,109,0.15,4,-1,240,3.167,1,0,naive
5190.33,,0,0,opt,E9,-1,140,clustered600,112,30,8,clustered600,112,island-fixed,600,10,107,0.15,4,-1,240,3.149,1,0,naive
5154.82,,0,0,opt,E9,-1,2300,clustered600,1840,30,8,clustered600,1840,island-fixed,600,1,1839,0.15,4,-1,240,3.001,1,0,fast
5489.55,,0,0,opt,E9,-1,1870,clustered600,1496,30,8,clustered600,1496,island-fixed,600,2,1496,0.15,4,-1,240,3.002,1,0,fast
5271.01,,0,0,opt,E9,-1,2240,clustered600,1792,30,8,clustered600,1792,island-fixed,600,3,1790,0.15,4,-1,240,3,1,0,fast
4579.99,,0,0,opt,E9,-1,2900,clustered600,2320,30,8,clustered600,2320,island-fixed,600,4,2320,0.15,4,-1,240,3.006,1,0,fast
5727.98,,0,0,opt,E9,-1,2870,clustered600,2296,30,8,clustered600,2296,island-fixed,600,5,2295,0.15,4,-1,240,3.008,1,0,fast
5029.83,,0,0,opt,E9,-1,2820,clustered600,2256,30,8,clustered600,2256,island-fixed,600,6,2252,0.15,4,-1,240,3.005,1,0,fast
5860.05,,0,0,opt,E9,-1,2600,clustered600,2080,30,8,clustered600,2080,island-fixed,600,7,2079,0.15,4,-1,240,3.004,1,0,fast
4688.54,,0,0,opt,E9,-1,2540,clustered600,2032,30,8,clustered600,2032,island-fixed,600,8,2031,0.15,4,-1,240,3.005,1,0,fast
5369.49,,0,0,opt,E9,-1,2470,clustered600,1976,30,8,clustered600,1976,island-fixed,600,9,1975,0.15,4,-1,240,3.008,1,0,fast
5085.16,,0,0,opt,E9,-1,2510,clustered600,2008,30,8,clustered600,2008,island-fixed,600,10,2006,0.15,4,-1,240,3.005,1,0,fast
5285.61,,104,13,opt,E9,-1,150,clustered600,120,30,8,clustered600,117,island-dtam,600,1,117,0.15,4,-1,240,3.183,1,0,naive
5572.86,,96,13,opt,E9,-1,140,clustered600,112,30,8,clustered600,109,island-dtam,600,2,109,0.15,4,-1,240,3.079,1,0,naive
5402.04,,96,13,opt,E9,-1,140,clustered600,112,30,8,clustered600,109,island-dtam,600,3,109,0.15,4,-1,240,3.058,1,0,naive
4675.87,,88,18,opt,E9,-1,140,clustered600,112,30,8,clustered600,106,island-dtam,600,4,106,0.15,4,-1,240,3.015,1,0,naive
5820.52,,104,4,opt,E9,-1,140,clustered600,112,30,8,clustered600,108,island-dtam,600,5,108,0.15,4,-1,240,3.012,1,0,naive
5167.58,,88,21,opt,E9,-1,140,clustered600,112,30,8,clustered600,109,island-dtam,600,6,109,0.15,4,-1,240,3.053,1,0,naive
5969.41,,104,4,opt,E9,-1,140,clustered600,112,30,8,clustered600,108,island-dtam,600,7,108,0.15,4,-1,240,3.075,1,0,naive
4759.46,,96,13,opt,E9,-1,140,clustered600,112,30,8,clustered600,109,island-dtam,600,8,109,0.15,4,-1,240,3.092,1,0,naive
5508.04,,88,12,opt,E9,-1,130,clustered600,104,30,8,clustered600,100,island-dtam,600,9,100,0.15,4,-1,240,3.055,1,0,naive
5169.11,,104,4,opt,E9,-1,140,clustered600,112,30,8,clustered600,108,island-dtam,600,10,108,0.15,4,-1,240,3.044,1,0,naive
5161.83,,1760,0,opt,E9,-1,2200,clustered600,1760,30,8,clustered600,1760,island-dtam,600,1,1760,0.15,4,-1,240,3.006,1,0,fast
5488.5,,1616,7,opt,E9,-1,2030,clustered600,1624,30,8,clustered600,1623,island-dtam,600,2,1623,0.15,4,-1,240,3,1,0,fast
5270.37,,1600,7,opt,E9,-1,2010,clustered600,1608,30,8,clustered600,1607,island-dtam,600,3,1607,0.15,4,-1,240,3.008,1,0,fast
4573.43,,1656,0,opt,E9,-1,2070,clustered600,1656,30,8,clustered600,1656,island-dtam,600,4,1656,0.15,4,-1,240,3.011,1,0,fast
5727.02,,1656,7,opt,E9,-1,2080,clustered600,1664,30,8,clustered600,1663,island-dtam,600,5,1663,0.15,4,-1,240,3.001,1,0,fast
5029.49,,1640,5,opt,E9,-1,2060,clustered600,1648,30,8,clustered600,1645,island-dtam,600,6,1645,0.15,4,-1,240,3.011,1,0,fast
5862.33,,1592,7,opt,E9,-1,2000,clustered600,1600,30,8,clustered600,1599,island-dtam,600,7,1599,0.15,4,-1,240,3.007,1,0,fast
4691.75,,1656,7,opt,E9,-1,2080,clustered600,1664,30,8,clustered600,1663,island-dtam,600,8,1663,0.15,4,-1,240,3.013,1,0,fast
5377.76,,1648,7,opt,E9,-1,2070,clustered600,1656,30,8,clustered600,1655,island-dtam,600,9,1655,0.15,4,-1,240,3.007,1,0,fast
5076,,1672,6,opt,E9,-1,2100,clustered600,1680,30,8,clustered600,1678,island-dtam,600,10,1678,0.15,4,-1,240,3.01,1,0,fast
2601,,0,0,opt,E9,0.853044,650,a280,520,30,8,a280,520,island-fixed,280,1,516,0.15,4,-1,240,3.02,1,0,naive
2589,,0,0,opt,E9,0.387747,640,a280,512,30,8,a280,512,island-fixed,280,2,505,0.15,4,-1,240,3.039,1,0,naive
2628,,0,0,opt,E9,1.89996,640,a280,512,30,8,a280,512,island-fixed,280,3,505,0.15,4,-1,240,3.019,1,0,naive
2644,,0,0,opt,E9,2.52036,630,a280,504,30,8,a280,504,island-fixed,280,4,499,0.15,4,-1,240,3.014,1,0,naive
2583,,0,0,opt,E9,0.155099,640,a280,512,30,8,a280,512,island-fixed,280,5,508,0.15,4,-1,240,3.028,1,0,naive
2628,,0,0,opt,E9,1.89996,650,a280,520,30,8,a280,520,island-fixed,280,6,514,0.15,4,-1,240,3.042,1,0,naive
2590,,0,0,opt,E9,0.426522,600,a280,480,30,8,a280,480,island-fixed,280,7,475,0.15,4,-1,240,3.025,1,0,naive
2615,,0,0,opt,E9,1.39589,640,a280,512,30,8,a280,512,island-fixed,280,8,507,0.15,4,-1,240,3.033,1,0,naive
2613,,0,0,opt,E9,1.31834,640,a280,512,30,8,a280,512,island-fixed,280,9,508,0.15,4,-1,240,3.008,1,0,naive
2639,,0,0,opt,E9,2.32648,640,a280,512,30,8,a280,512,island-fixed,280,10,507,0.15,4,-1,240,3.002,1,0,naive
2579,,0,0,opt,E9,0,7520,a280,6016,30,8,a280,6016,island-fixed,280,1,6014,0.15,4,-1,240,3.001,1,0,fast
2579,,0,0,opt,E9,0,8770,a280,7016,30,8,a280,7016,island-fixed,280,2,7014,0.15,4,-1,240,3,1,0,fast
2579,,0,0,opt,E9,0,9530,a280,7624,30,8,a280,7624,island-fixed,280,3,7622,0.15,4,-1,240,3.002,1,0,fast
2579,,0,0,opt,E9,0,9160,a280,7328,30,8,a280,7328,island-fixed,280,4,7326,0.15,4,-1,240,3.002,1,0,fast
2579,,0,0,opt,E9,0,9140,a280,7312,30,8,a280,7312,island-fixed,280,5,7310,0.15,4,-1,240,3.002,1,0,fast
2579,,0,0,opt,E9,0,9150,a280,7320,30,8,a280,7320,island-fixed,280,6,7317,0.15,4,-1,240,3.003,1,0,fast
2600,,0,0,opt,E9,0.814269,9530,a280,7624,30,8,a280,7624,island-fixed,280,7,7621,0.15,4,-1,240,3.001,1,0,fast
2579,,0,0,opt,E9,0,9250,a280,7400,30,8,a280,7400,island-fixed,280,8,7398,0.15,4,-1,240,3.002,1,0,fast
2579,,0,0,opt,E9,0,9150,a280,7320,30,8,a280,7320,island-fixed,280,9,7319,0.15,4,-1,240,3,1,0,fast
2579,,0,0,opt,E9,0,8890,a280,7112,30,8,a280,7112,island-fixed,280,10,7111,0.15,4,-1,240,3.003,1,0,fast
2590,,544,5,opt,E9,0.426522,690,a280,552,30,8,a280,549,island-dtam,280,1,549,0.15,4,-1,240,3.009,1,0,naive
2605,,560,5,opt,E9,1.00814,710,a280,568,30,8,a280,565,island-dtam,280,2,565,0.15,4,-1,240,3.024,1,0,naive
2590,,536,19,opt,E9,0.426522,700,a280,560,30,8,a280,555,island-dtam,280,3,555,0.15,4,-1,240,3.045,1,0,naive
2591,,552,5,opt,E9,0.465297,700,a280,560,30,8,a280,557,island-dtam,280,4,557,0.15,4,-1,240,3.007,1,0,naive
2585,,584,5,opt,E9,0.232648,740,a280,592,30,8,a280,589,island-dtam,280,5,589,0.15,4,-1,240,3.015,1,0,naive
2631,,544,19,opt,E9,2.01629,710,a280,568,30,8,a280,563,island-dtam,280,6,563,0.15,4,-1,240,3.026,1,0,naive
2617,,544,19,opt,E9,1.47344,710,a280,568,30,8,a280,563,island-dtam,280,7,563,0.15,4,-1,240,3.003,1,0,naive
2629,,544,18,opt,E9,1.93874,710,a280,568,30,8,a280,562,island-dtam,280,8,562,0.15,4,-1,240,3.03,1,0,naive
2631,,544,18,opt,E9,2.01629,710,a280,568,30,8,a280,562,island-dtam,280,9,562,0.15,4,-1,240,3.027,1,0,naive
2608,,552,18,opt,E9,1.12447,720,a280,576,30,8,a280,570,island-dtam,280,10,570,0.15,4,-1,240,3.013,1,0,naive
2579,,5744,6,opt,E9,0,7190,a280,5752,30,8,a280,5750,island-dtam,280,1,5750,0.15,4,-1,240,3.001,1,0,fast
2579,,5728,6,opt,E9,0,7170,a280,5736,30,8,a280,5734,island-dtam,280,2,5734,0.15,4,-1,240,3,1,0,fast
2579,,5728,6,opt,E9,0,7170,a280,5736,30,8,a280,5734,island-dtam,280,3,5734,0.15,4,-1,240,3.003,1,0,fast
2579,,4976,13,opt,E9,0,6240,a280,4992,30,8,a280,4989,island-dtam,280,4,4989,0.15,4,-1,240,3,1,0,fast
2579,,5712,13,opt,E9,0,7160,a280,5728,30,8,a280,5725,island-dtam,280,5,5725,0.15,4,-1,240,3.001,1,0,fast
2579,,5632,18,opt,E9,0,7070,a280,5656,30,8,a280,5650,island-dtam,280,6,5650,0.15,4,-1,240,3.001,1,0,fast
2579,,5520,18,opt,E9,0,6930,a280,5544,30,8,a280,5538,island-dtam,280,7,5538,0.15,4,-1,240,3.003,1,0,fast
2579,,5544,20,opt,E9,0,6960,a280,5568,30,8,a280,5564,island-dtam,280,8,5564,0.15,4,-1,240,3,1,0,fast
2579,,5472,21,opt,E9,0,6870,a280,5496,30,8,a280,5493,island-dtam,280,9,5493,0.15,4,-1,240,3.003,1,0,fast
2579,,5488,21,opt,E9,0,6890,a280,5512,30,8,a280,5509,island-dtam,280,10,5509,0.15,4,-1,240,3.002,1,0,fast
29506,,0,0,opt,E9,0.469899,1300,kroA200,1040,30,8,kroA200,1040,island-fixed,200,1,1036,0.15,4,-1,240,3.016,1,0,naive
29497,,0,0,opt,E9,0.439254,1290,kroA200,1032,30,8,kroA200,1032,island-fixed,200,2,1028,0.15,4,-1,240,3.021,1,0,naive
29604,,0,0,opt,E9,0.803596,1280,kroA200,1024,30,8,kroA200,1024,island-fixed,200,3,1021,0.15,4,-1,240,3.007,1,0,naive
29497,,0,0,opt,E9,0.439254,1280,kroA200,1024,30,8,kroA200,1024,island-fixed,200,4,1020,0.15,4,-1,240,3.003,1,0,naive
29619,,0,0,opt,E9,0.854672,1270,kroA200,1016,30,8,kroA200,1016,island-fixed,200,5,1009,0.15,4,-1,240,3.022,1,0,naive
29501,,0,0,opt,E9,0.452874,1180,kroA200,944,30,8,kroA200,944,island-fixed,200,6,938,0.15,4,-1,240,3.003,1,0,naive
29497,,0,0,opt,E9,0.439254,1180,kroA200,944,30,8,kroA200,944,island-fixed,200,7,937,0.15,4,-1,240,3.016,1,0,naive
29471,,0,0,opt,E9,0.350722,1240,kroA200,992,30,8,kroA200,992,island-fixed,200,8,985,0.15,4,-1,240,3.027,1,0,naive
29486,,0,0,opt,E9,0.401798,1230,kroA200,984,30,8,kroA200,984,island-fixed,200,9,977,0.15,4,-1,240,3.005,1,0,naive
29610,,0,0,opt,E9,0.824026,1220,kroA200,976,30,8,kroA200,976,island-fixed,200,10,969,0.15,4,-1,240,3.017,1,0,naive
29368,,0,0,opt,E9,0,9090,kroA200,7272,30,8,kroA200,7272,island-fixed,200,1,7272,0.15,4,-1,240,3.001,1,0,fast
29368,,0,0,opt,E9,0,9030,kroA200,7224,30,8,kroA200,7224,island-fixed,200,2,7224,0.15,4,-1,240,3.001,1,0,fast
29368,,0,0,opt,E9,0,8910,kroA200,7128,30,8,kroA200,7128,island-fixed,200,3,7128,0.15,4,-1,240,3.001,1,0,fast
29368,,0,0,opt,E9,0,8680,kroA200,6944,30,8,kroA200,6944,island-fixed,200,4,6944,0.15,4,-1,240,3.002,1,0,fast
29368,,0,0,opt,E9,0,8900,kroA200,7120,30,8,kroA200,7120,island-fixed,200,5,7120,0.15,4,-1,240,3,1,0,fast
29368,,0,0,opt,E9,0,8850,kroA200,7080,30,8,kroA200,7080,island-fixed,200,6,7080,0.15,4,-1,240,3,1,0,fast
29368,,0,0,opt,E9,0,8900,kroA200,7120,30,8,kroA200,7120,island-fixed,200,7,7120,0.15,4,-1,240,3.001,1,0,fast
29368,,0,0,opt,E9,0,8940,kroA200,7152,30,8,kroA200,7152,island-fixed,200,8,7152,0.15,4,-1,240,3.004,1,0,fast
29368,,0,0,opt,E9,0,8770,kroA200,7016,30,8,kroA200,7016,island-fixed,200,9,7015,0.15,4,-1,240,3.002,1,0,fast
29368,,0,0,opt,E9,0,8590,kroA200,6872,30,8,kroA200,6872,island-fixed,200,10,6871,0.15,4,-1,240,3.001,1,0,fast
29646,,896,19,opt,E9,0.946609,1150,kroA200,920,30,8,kroA200,915,island-dtam,200,1,915,0.15,4,-1,240,3.018,1,0,naive
29506,,936,4,opt,E9,0.469899,1180,kroA200,944,30,8,kroA200,940,island-dtam,200,2,940,0.15,4,-1,240,3.018,1,0,naive
29498,,928,5,opt,E9,0.442659,1170,kroA200,936,30,8,kroA200,933,island-dtam,200,3,933,0.15,4,-1,240,3.01,1,0,naive
29483,,912,25,opt,E9,0.391583,1180,kroA200,944,30,8,kroA200,937,island-dtam,200,4,937,0.15,4,-1,240,3.003,1,0,naive
29533,,928,10,opt,E9,0.561836,1180,kroA200,944,30,8,kroA200,938,island-dtam,200,5,938,0.15,4,-1,240,3.002,1,0,naive
29513,,896,2,opt,E9,0.493735,1130,kroA200,904,30,8,kroA200,898,island-dtam,200,6,898,0.15,4,-1,240,3.021,1,0,naive
29497,,928,9,opt,E9,0.439254,1180,kroA200,944,30,8,kroA200,937,island-dtam,200,7,937,0.15,4,-1,240,3.017,1,0,naive
29409,,936,1,opt,E9,0.139608,1180,kroA200,944,30,8,kroA200,937,island-dtam,200,8,937,0.15,4,-1,240,3.001,1,0,naive
29536,,968,1,opt,E9,0.572051,1220,kroA200,976,30,8,kroA200,969,island-dtam,200,9,969,0.15,4,-1,240,3.018,1,0,naive
29605,,944,1,opt,E9,0.807001,1190,kroA200,952,30,8,kroA200,945,island-dtam,200,10,945,0.15,4,-1,240,3.005,1,0,naive
29368,,6384,0,opt,E9,0,7980,kroA200,6384,30,8,kroA200,6384,island-dtam,200,1,6384,0.15,4,-1,240,3.003,1,0,fast
29368,,6184,0,opt,E9,0,7730,kroA200,6184,30,8,kroA200,6184,island-dtam,200,2,6184,0.15,4,-1,240,3.002,1,0,fast
29368,,6264,0,opt,E9,0,7830,kroA200,6264,30,8,kroA200,6264,island-dtam,200,3,6264,0.15,4,-1,240,3.002,1,0,fast
29368,,6360,0,opt,E9,0,7950,kroA200,6360,30,8,kroA200,6360,island-dtam,200,4,6360,0.15,4,-1,240,3.002,1,0,fast
29368,,6432,0,opt,E9,0,8040,kroA200,6432,30,8,kroA200,6432,island-dtam,200,5,6432,0.15,4,-1,240,3,1,0,fast
29368,,6184,0,opt,E9,0,7730,kroA200,6184,30,8,kroA200,6184,island-dtam,200,6,6184,0.15,4,-1,240,3.002,1,0,fast
29368,,6384,0,opt,E9,0,7980,kroA200,6384,30,8,kroA200,6384,island-dtam,200,7,6384,0.15,4,-1,240,3.003,1,0,fast
29368,,6392,0,opt,E9,0,7990,kroA200,6392,30,8,kroA200,6392,island-dtam,200,8,6392,0.15,4,-1,240,3,1,0,fast
29382,,6344,7,opt,E9,0.0476709,7940,kroA200,6352,30,8,kroA200,6351,island-dtam,200,9,6351,0.15,4,-1,240,3,1,0,fast
29382,,6248,7,opt,E9,0.0476709,7820,kroA200,6256,30,8,kroA200,6255,island-dtam,200,10,6255,0.15,4,-1,240,3.004,1,0,fast
23371,stock,4680,57,opt,E10,46.7128,5940,uniform500,4752,30,8,uniform500,4737,island-dtam,500,1,4737,0.15,4,-1,240,3.004,0,0,
22714.5,stock,4960,12,opt,E10,42.5919,6220,uniform500,4976,30,8,uniform500,4972,island-dtam,500,2,4972,0.15,4,-1,240,3.002,0,0,
23309.9,stock,4976,14,opt,E10,46.3292,6250,uniform500,5000,30,8,uniform500,4990,island-dtam,500,3,4990,0.15,4,-1,240,3.003,0,0,
23219.7,stock,4792,24,opt,E10,45.7628,6030,uniform500,4824,30,8,uniform500,4816,island-dtam,500,4,4816,0.15,4,-1,240,3.001,0,0,
23725.2,stock,4808,23,opt,E10,48.9365,6050,uniform500,4840,30,8,uniform500,4831,island-dtam,500,5,4831,0.15,4,-1,240,3.003,0,0,
25060.2,stock,4488,15,opt,E10,57.3173,5640,uniform500,4512,30,8,uniform500,4503,island-dtam,500,6,4503,0.15,4,-1,240,3.003,0,0,
25354.2,stock,4488,10,opt,E10,59.1629,5630,uniform500,4504,30,8,uniform500,4498,island-dtam,500,7,4498,0.15,4,-1,240,3.004,0,0,
23505.1,stock,5016,17,opt,E10,47.5545,6300,uniform500,5040,30,8,uniform500,5033,island-dtam,500,8,5033,0.15,4,-1,240,3.004,0,0,
23613.5,stock,4992,17,opt,E10,48.2351,6270,uniform500,5016,30,8,uniform500,5009,island-dtam,500,9,5009,0.15,4,-1,240,3.003,0,0,
23332.4,stock,4864,34,opt,E10,46.4709,6140,uniform500,4912,30,8,uniform500,4898,island-dtam,500,10,4898,0.15,4,-1,240,3,0,0,
21506.9,heterogeneous,4912,96,opt,E10,35.0106,6290,uniform500,5032,30,8,uniform500,5008,island-dtam,500,1,5008,0.15,4,-1,240,3.002,0,0,
22766.6,heterogeneous,4760,90,opt,E10,42.9185,6090,uniform500,4872,30,8,uniform500,4850,island-dtam,500,2,4850,0.15,4,-1,240,3.002,0,0,
22816.2,heterogeneous,4896,63,opt,E10,43.23,6220,uniform500,4976,30,8,uniform500,4959,island-dtam,500,3,4959,0.15,4,-1,240,3.001,0,0,
23334.9,heterogeneous,4704,155,opt,E10,46.4865,6110,uniform500,4888,30,8,uniform500,4859,island-dtam,500,4,4859,0.15,4,-1,240,3.002,0,0,
22563.6,heterogeneous,4672,62,opt,E10,41.6442,5940,uniform500,4752,30,8,uniform500,4734,island-dtam,500,5,4734,0.15,4,-1,240,3,0,0,
22475.5,heterogeneous,4704,83,opt,E10,41.0915,6010,uniform500,4808,30,8,uniform500,4787,island-dtam,500,6,4787,0.15,4,-1,240,3.003,0,0,
24651.2,heterogeneous,4440,70,opt,E10,54.7498,5660,uniform500,4528,30,8,uniform500,4510,island-dtam,500,7,4510,0.15,4,-1,240,3,0,0,
22471.8,heterogeneous,4904,49,opt,E10,41.0679,6210,uniform500,4968,30,8,uniform500,4953,island-dtam,500,8,4953,0.15,4,-1,240,3.003,0,0,
24922.4,heterogeneous,4360,87,opt,E10,56.452,5580,uniform500,4464,30,8,uniform500,4447,island-dtam,500,9,4447,0.15,4,-1,240,3,0,0,
23680.3,heterogeneous,4856,50,opt,E10,48.6548,6150,uniform500,4920,30,8,uniform500,4906,island-dtam,500,10,4906,0.15,4,-1,240,3.004,0,0,
26892.8,rel-trigger,0,1827,opt,E10,68.8211,7660,uniform500,6128,30,8,uniform500,1827,island-dtam,500,1,1827,0.15,4,-1,240,3.001,0,0,
28749.9,rel-trigger,0,1899,opt,E10,80.4796,7400,uniform500,5920,30,8,uniform500,1899,island-dtam,500,2,1899,0.15,4,-1,240,3.003,0,0,
27374.8,rel-trigger,8,1913,opt,E10,71.847,7650,uniform500,6120,30,8,uniform500,1921,island-dtam,500,3,1921,0.15,4,-1,240,3.001,0,0,
27564.1,rel-trigger,0,1853,opt,E10,73.0353,7350,uniform500,5880,30,8,uniform500,1853,island-dtam,500,4,1853,0.15,4,-1,240,3.002,0,0,
28074.2,rel-trigger,0,1796,opt,E10,76.2376,7210,uniform500,5768,30,8,uniform500,1796,island-dtam,500,5,1796,0.15,4,-1,240,3.001,0,0,
27323.2,rel-trigger,0,1849,opt,E10,71.523,7400,uniform500,5920,30,8,uniform500,1849,island-dtam,500,6,1849,0.15,4,-1,240,3.002,0,0,
29076,rel-trigger,0,1843,opt,E10,82.5263,7420,uniform500,5936,30,8,uniform500,1843,island-dtam,500,7,1843,0.15,4,-1,240,3.001,0,0,
29584.5,rel-trigger,0,1712,opt,E10,85.7185,6690,uniform500,5352,30,8,uniform500,1712,island-dtam,500,8,1712,0.15,4,-1,240,3.003,0,0,
27568.6,rel-trigger,0,1944,opt,E10,73.0636,7750,uniform500,6200,30,8,uniform500,1944,island-dtam,500,9,1944,0.15,4,-1,240,3.001,0,0,
27920.4,rel-trigger,0,1949,opt,E10,75.2721,7650,uniform500,6120,30,8,uniform500,1949,island-dtam,500,10,1949,0.15,4,-1,240,3,0,0,
27824.6,het+rel,0,1554,opt,E10,74.6704,7580,uniform500,6064,30,8,uniform500,1554,island-dtam,500,1,1554,0.15,4,-1,240,3.003,0,0,
27072.6,het+rel,0,1558,opt,E10,69.9501,7420,uniform500,5936,30,8,uniform500,1558,island-dtam,500,2,1558,0.15,4,-1,240,3.001,0,0,
27061.4,het+rel,0,1544,opt,E10,69.8797,7520,uniform500,6016,30,8,uniform500,1544,island-dtam,500,3,1544,0.15,4,-1,240,3.003,0,0,
26801.2,het+rel,0,1597,opt,E10,68.2465,7550,uniform500,6040,30,8,uniform500,1597,island-dtam,500,4,1597,0.15,4,-1,240,3.002,0,0,
26468.9,het+rel,0,1608,opt,E10,66.1599,7660,uniform500,6128,30,8,uniform500,1608,island-dtam,500,5,1608,0.15,4,-1,240,3,0,0,
26744.6,het+rel,0,1600,opt,E10,67.8912,7410,uniform500,5928,30,8,uniform500,1600,island-dtam,500,6,1600,0.15,4,-1,240,3,0,0,
27128.6,het+rel,0,1598,opt,E10,70.3014,7670,uniform500,6136,30,8,uniform500,1598,island-dtam,500,7,1598,0.15,4,-1,240,3.002,0,0,
27499.7,het+rel,0,1601,opt,E10,72.6309,7530,uniform500,6024,30,8,uniform500,1601,island-dtam,500,8,1601,0.15,4,-1,240,3,0,0,
29103.5,het+rel,0,1502,opt,E10,82.6991,6890,uniform500,5512,30,8,uniform500,1502,island-dtam,500,9,1502,0.15,4,-1,240,3,0,0,
28149.7,het+rel,0,1633,opt,E10,76.7115,7320,uniform500,5856,30,8,uniform500,1633,island-dtam,500,10,1633,0.15,4,-1,240,3.001,0,0,
22791.2,immigrants,4712,91,opt,E10,43.0732,6040,uniform500,4832,30,8,uniform500,4803,island-dtam,500,1,4803,0.15,4,-1,240,3.002,0,0,
22450,immigrants,4976,74,opt,E10,40.9314,6340,uniform500,5072,30,8,uniform500,5050,island-dtam,500,2,5050,0.15,4,-1,240,3.004,0,0,
22718.7,immigrants,4880,98,opt,E10,42.6184,6260,uniform500,5008,30,8,uniform500,4978,island-dtam,500,3,4978,0.15,4,-1,240,3.002,0,0,
22478.9,immigrants,5048,83,opt,E10,41.1129,6450,uniform500,5160,30,8,uniform500,5131,island-dtam,500,4,5131,0.15,4,-1,240,3.002,0,0,
25051.4,immigrants,4592,84,opt,E10,57.2617,5880,uniform500,4704,30,8,uniform500,4676,island-dtam,500,5,4676,0.15,4,-1,240,3.004,0,0,
23807.6,immigrants,4616,64,opt,E10,49.4539,5880,uniform500,4704,30,8,uniform500,4680,island-dtam,500,6,4680,0.15,4,-1,240,3,0,0,
23197.4,immigrants,4880,85,opt,E10,45.6232,6240,uniform500,4992,30,8,uniform500,4965,island-dtam,500,7,4965,0.15,4,-1,240,3.004,0,0,
23167.9,immigrants,4824,83,opt,E10,45.4377,6170,uniform500,4936,30,8,uniform500,4907,island-dtam,500,8,4907,0.15,4,-1,240,3.004,0,0,
23829,immigrants,4744,37,opt,E10,49.5882,6000,uniform500,4800,30,8,uniform500,4781,island-dtam,500,9,4781,0.15,4,-1,240,3.002,0,0,
24045.5,immigrants,4808,53,opt,E10,50.9474,6100,uniform500,4880,30,8,uniform500,4861,island-dtam,500,10,4861,0.15,4,-1,240,3.003,0,0,
22308.3,het+immigrants,4560,219,opt,E10,40.0418,6030,uniform500,4824,30,8,uniform500,4779,island-dtam,500,1,4779,0.15,4,-1,240,3.004,0,0,
22111,het+immigrants,4808,183,opt,E10,38.8035,6290,uniform500,5032,30,8,uniform500,4991,island-dtam,500,2,4991,0.15,4,-1,240,3.003,0,0,
22083.8,het+immigrants,4784,180,opt,E10,38.6323,6260,uniform500,5008,30,8,uniform500,4964,island-dtam,500,3,4964,0.15,4,-1,240,3,0,0,
22465.1,het+immigrants,4784,156,opt,E10,41.0261,6230,uniform500,4984,30,8,uniform500,4940,island-dtam,500,4,4940,0.15,4,-1,240,3,0,0,
23672.5,het+immigrants,4520,221,opt,E10,48.6055,5990,uniform500,4792,30,8,uniform500,4741,island-dtam,500,5,4741,0.15,4,-1,240,3.006,0,0,
22584.6,het+immigrants,4624,191,opt,E10,41.7765,6080,uniform500,4864,30,8,uniform500,4815,island-dtam,500,6,4815,0.15,4,-1,240,3.003,0,0,
23728.2,het+immigrants,4384,280,opt,E10,48.9552,5910,uniform500,4728,30,8,uniform500,4664,island-dtam,500,7,4664,0.15,4,-1,240,3.001,0,0,
24243.3,het+immigrants,4136,156,opt,E10,52.1887,5420,uniform500,4336,30,8,uniform500,4292,island-dtam,500,8,4292,0.15,4,-1,240,3,0,0,
22950.4,het+immigrants,4824,155,opt,E10,44.0727,6270,uniform500,5016,30,8,uniform500,4979,island-dtam,500,9,4979,0.15,4,-1,240,3.003,0,0,
23178.5,het+immigrants,4760,243,opt,E10,45.5046,6330,uniform500,5064,30,8,uniform500,5003,island-dtam,500,10,5003,0.15,4,-1,240,3.004,0,0,
21505.1,FIXED-ref,0,0,opt,E10,34.9997,8320,uniform500,6656,30,8,uniform500,6656,island-fixed,500,1,6648,0.15,4,-1,240,3.003,0,0,
21809.4,FIXED-ref,0,0,opt,E10,36.9099,8490,uniform500,6792,30,8,uniform500,6792,island-fixed,500,2,6783,0.15,4,-1,240,3.001,0,0,
21570.4,FIXED-ref,0,0,opt,E10,35.4095,8530,uniform500,6824,30,8,uniform500,6824,island-fixed,500,3,6807,0.15,4,-1,240,3.002,0,0,
21992.7,FIXED-ref,0,0,opt,E10,38.0607,8360,uniform500,6688,30,8,uniform500,6688,island-fixed,500,4,6681,0.15,4,-1,240,3.002,0,0,
21315,FIXED-ref,0,0,opt,E10,33.8064,8260,uniform500,6608,30,8,uniform500,6608,island-fixed,500,5,6602,0.15,4,-1,240,3.002,0,0,
21233.6,FIXED-ref,0,0,opt,E10,33.2956,8480,uniform500,6784,30,8,uniform500,6784,island-fixed,500,6,6771,0.15,4,-1,240,3,0,0,
21438.2,FIXED-ref,0,0,opt,E10,34.5795,8590,uniform500,6872,30,8,uniform500,6872,island-fixed,500,7,6861,0.15,4,-1,240,3,0,0,
21188.1,FIXED-ref,0,0,opt,E10,33.0098,8640,uniform500,6912,30,8,uniform500,6912,island-fixed,500,8,6901,0.15,4,-1,240,3.001,0,0,
24441,FIXED-ref,0,0,opt,E10,53.4298,7000,uniform500,5600,30,8,uniform500,5600,island-fixed,500,9,5586,0.15,4,-1,240,3.003,0,0,
22221.9,FIXED-ref,0,0,opt,E10,39.4996,8490,uniform500,6792,30,8,uniform500,6792,island-fixed,500,10,6777,0.15,4,-1,240,3.001,0,0,
16135.8,stock,2200,7,opt,E10,1.29369,2760,uniform500,2208,30,8,uniform500,2207,island-dtam,500,1,2207,0.15,4,-1,240,3.007,1,0,
16282.4,stock,2192,0,opt,E10,2.2141,2740,uniform500,2192,30,8,uniform500,2192,island-dtam,500,2,2192,0.15,4,-1,240,3.008,1,0,
16796.6,stock,2112,7,opt,E10,5.44159,2650,uniform500,2120,30,8,uniform500,2119,island-dtam,500,3,2119,0.15,4,-1,240,3.001,1,0,
16748.5,stock,2152,7,opt,E10,5.13948,2700,uniform500,2160,30,8,uniform500,2159,island-dtam,500,4,2159,0.15,4,-1,240,3.004,1,0,
16536.2,stock,2032,5,opt,E10,3.8068,2550,uniform500,2040,30,8,uniform500,2037,island-dtam,500,5,2037,0.15,4,-1,240,3,1,0,
16352.5,stock,2160,5,opt,E10,2.6537,2710,uniform500,2168,30,8,uniform500,2165,island-dtam,500,6,2165,0.15,4,-1,240,3.007,1,0,
16772.7,stock,2144,5,opt,E10,5.29157,2690,uniform500,2152,30,8,uniform500,2149,island-dtam,500,7,2149,0.15,4,-1,240,3.004,1,0,
16458.1,stock,2128,0,opt,E10,3.31669,2660,uniform500,2128,30,8,uniform500,2128,island-dtam,500,8,2128,0.15,4,-1,240,3.001,1,0,
16915.3,stock,2144,13,opt,E10,6.18662,2700,uniform500,2160,30,8,uniform500,2157,island-dtam,500,9,2157,0.15,4,-1,240,3.011,1,0,
16906.3,stock,2088,6,opt,E10,6.13008,2620,uniform500,2096,30,8,uniform500,2094,island-dtam,500,10,2094,0.15,4,-1,240,3.012,1,0,
16154.3,heterogeneous,2112,49,opt,E10,1.40989,2710,uniform500,2168,30,8,uniform500,2161,island-dtam,500,1,2161,0.15,4,-1,240,3.007,1,0,
16297.7,heterogeneous,2048,46,opt,E10,2.30962,2630,uniform500,2104,30,8,uniform500,2094,island-dtam,500,2,2094,0.15,4,-1,240,3.005,1,0,
16773.5,heterogeneous,2024,32,opt,E10,5.2968,2580,uniform500,2064,30,8,uniform500,2056,island-dtam,500,3,2056,0.15,4,-1,240,3.004,1,0,
16617.1,heterogeneous,2064,20,opt,E10,4.31486,2610,uniform500,2088,30,8,uniform500,2084,island-dtam,500,4,2084,0.15,4,-1,240,3.006,1,0,
16565.2,heterogeneous,1736,23,opt,E10,3.98906,2210,uniform500,1768,30,8,uniform500,1759,island-dtam,500,5,1759,0.15,4,-1,240,3.011,1,0,
16434.6,heterogeneous,2064,10,opt,E10,3.16951,2600,uniform500,2080,30,8,uniform500,2074,island-dtam,500,6,2074,0.15,4,-1,240,3.005,1,0,
16726.4,heterogeneous,1968,33,opt,E10,5.00101,2510,uniform500,2008,30,8,uniform500,2001,island-dtam,500,7,2001,0.15,4,-1,240,3.006,1,0,
16505.3,heterogeneous,2040,14,opt,E10,3.61303,2570,uniform500,2056,30,8,uniform500,2054,island-dtam,500,8,2054,0.15,4,-1,240,3.009,1,0,
16963.2,heterogeneous,1976,55,opt,E10,6.48757,2550,uniform500,2040,30,8,uniform500,2031,island-dtam,500,9,2031,0.15,4,-1,240,3.01,1,0,
16834.5,heterogeneous,1952,40,opt,E10,5.6795,2500,uniform500,2000,30,8,uniform500,1992,island-dtam,500,10,1992,0.15,4,-1,240,3.01,1,0,
16155.3,rel-trigger,0,415,opt,E10,1.41563,2980,uniform500,2384,30,8,uniform500,415,island-dtam,500,1,415,0.15,4,-1,240,3,1,0,
16264.1,rel-trigger,0,411,opt,E10,2.09897,2950,uniform500,2360,30,8,uniform500,411,island-dtam,500,2,411,0.15,4,-1,240,3.02,1,0,
16730.7,rel-trigger,8,374,opt,E10,5.02781,2880,uniform500,2304,30,8,uniform500,382,island-dtam,500,3,382,0.15,4,-1,240,3.002,1,0,
16690.7,rel-trigger,0,367,opt,E10,4.77716,2950,uniform500,2360,30,8,uniform500,367,island-dtam,500,4,367,0.15,4,-1,240,3.005,1,0,
16580.2,rel-trigger,0,394,opt,E10,4.08317,2870,uniform500,2296,30,8,uniform500,394,island-dtam,500,5,394,0.15,4,-1,240,3.002,1,0,
16357.4,rel-trigger,0,371,opt,E10,2.68463,3020,uniform500,2416,30,8,uniform500,371,island-dtam,500,6,371,0.15,4,-1,240,3.007,1,0,
16730.3,rel-trigger,8,392,opt,E10,5.02556,2990,uniform500,2392,30,8,uniform500,400,island-dtam,500,7,400,0.15,4,-1,240,3.008,1,0,
16532.3,rel-trigger,0,422,opt,E10,3.78243,2950,uniform500,2360,30,8,uniform500,422,island-dtam,500,8,422,0.15,4,-1,240,3.003,1,0,
16903.5,rel-trigger,8,402,opt,E10,6.11301,2990,uniform500,2392,30,8,uniform500,410,island-dtam,500,9,410,0.15,4,-1,240,3.007,1,0,
16784.6,rel-trigger,16,429,opt,E10,5.36639,2800,uniform500,2240,30,8,uniform500,445,island-dtam,500,10,445,0.15,4,-1,240,3,1,0,
16077,het+rel,0,426,opt,E10,0.924581,2540,uniform500,2032,30,8,uniform500,426,island-dtam,500,1,426,0.15,4,-1,240,3.005,1,0,
16303,het+rel,0,402,opt,E10,2.34321,2530,uniform500,2024,30,8,uniform500,402,island-dtam,500,2,402,0.15,4,-1,240,3.004,1,0,
16783.5,het+rel,0,332,opt,E10,5.35966,2180,uniform500,1744,30,8,uniform500,332,island-dtam,500,3,332,0.15,4,-1,240,3.012,1,0,
16658.6,het+rel,0,392,opt,E10,4.57546,2580,uniform500,2064,30,8,uniform500,392,island-dtam,500,4,392,0.15,4,-1,240,3.003,1,0,
16572.2,het+rel,0,313,opt,E10,4.03293,2120,uniform500,1696,30,8,uniform500,313,island-dtam,500,5,313,0.15,4,-1,240,3.005,1,0,
16353.9,het+rel,0,363,opt,E10,2.66271,2490,uniform500,1992,30,8,uniform500,363,island-dtam,500,6,363,0.15,4,-1,240,3,1,0,
16719.6,het+rel,0,338,opt,E10,4.95856,2240,uniform500,1792,30,8,uniform500,338,island-dtam,500,7,338,0.15,4,-1,240,3.003,1,0,
16465.4,het+rel,0,296,opt,E10,3.36253,2350,uniform500,1880,30,8,uniform500,296,island-dtam,500,8,296,0.15,4,-1,240,3.001,1,0,
16889.5,het+rel,0,320,opt,E10,6.02485,2370,uniform500,1896,30,8,uniform500,320,island-dtam,500,9,320,0.15,4,-1,240,3.01,1,0,
16898.1,het+rel,0,326,opt,E10,6.07861,2340,uniform500,1872,30,8,uniform500,326,island-dtam,500,10,326,0.15,4,-1,240,3.013,1,0,
16117.3,immigrants,2152,17,opt,E10,1.17707,2720,uniform500,2176,30,8,uniform500,2169,island-dtam,500,1,2169,0.15,4,-1,240,3.007,1,0,
16245.4,immigrants,2056,75,opt,E10,1.98153,2680,uniform500,2144,30,8,uniform500,2131,island-dtam,500,2,2131,0.15,4,-1,240,3.004,1,0,
16721.1,immigrants,2088,23,opt,E10,4.96794,2650,uniform500,2120,30,8,uniform500,2111,island-dtam,500,3,2111,0.15,4,-1,240,3.009,1,0,
16676.1,immigrants,2080,30,opt,E10,4.68532,2650,uniform500,2120,30,8,uniform500,2110,island-dtam,500,4,2110,0.15,4,-1,240,3.008,1,0,
16543.7,immigrants,1864,29,opt,E10,3.85424,2380,uniform500,1904,30,8,uniform500,1893,island-dtam,500,5,1893,0.15,4,-1,240,3.002,1,0,
16318,immigrants,2128,23,opt,E10,2.43725,2700,uniform500,2160,30,8,uniform500,2151,island-dtam,500,6,2151,0.15,4,-1,240,3.009,1,0,
16718,immigrants,2136,18,opt,E10,4.94821,2700,uniform500,2160,30,8,uniform500,2154,island-dtam,500,7,2154,0.15,4,-1,240,3.004,1,0,
16497.8,immigrants,2152,25,opt,E10,3.56612,2730,uniform500,2184,30,8,uniform500,2177,island-dtam,500,8,2177,0.15,4,-1,240,3.004,1,0,
16932.1,immigrants,2104,45,opt,E10,6.2924,2700,uniform500,2160,30,8,uniform500,2149,island-dtam,500,9,2149,0.15,4,-1,240,3.01,1,0,
16892.1,immigrants,2160,13,opt,E10,6.04114,2720,uniform500,2176,30,8,uniform500,2173,island-dtam,500,10,2173,0.15,4,-1,240,3.001,1,0,
16082.7,het+immigrants,1912,75,opt,E10,0.96009,2510,uniform500,2008,30,8,uniform500,1987,island-dtam,500,1,1987,0.15,4,-1,240,3.007,1,0,
16311.9,het+immigrants,1856,140,opt,E10,2.39888,2530,uniform500,2024,30,8,uniform500,1996,island-dtam,500,2,1996,0.15,4,-1,240,3.005,1,0,
16738.8,het+immigrants,1920,105,opt,E10,5.07891,2560,uniform500,2048,30,8,uniform500,2025,island-dtam,500,3,2025,0.15,4,-1,240,3.01,1,0,
16634.1,het+immigrants,1936,102,opt,E10,4.42133,2580,uniform500,2064,30,8,uniform500,2038,island-dtam,500,4,2038,0.15,4,-1,240,3.017,1,0,
16635,het+immigrants,1816,87,opt,E10,4.42702,2410,uniform500,1928,30,8,uniform500,1903,island-dtam,500,5,1903,0.15,4,-1,240,3.006,1,0,
16322.3,het+immigrants,1896,66,opt,E10,2.46406,2480,uniform500,1984,30,8,uniform500,1962,island-dtam,500,6,1962,0.15,4,-1,240,3.004,1,0,
16692.9,het+immigrants,1936,90,opt,E10,4.79096,2560,uniform500,2048,30,8,uniform500,2026,island-dtam,500,7,2026,0.15,4,-1,240,3,1,0,
16443.1,het+immigrants,1904,156,opt,E10,3.22249,2610,uniform500,2088,30,8,uniform500,2060,island-dtam,500,8,2060,0.15,4,-1,240,3,1,0,
16920.6,het+immigrants,2088,41,opt,E10,6.22002,2680,uniform500,2144,30,8,uniform500,2129,island-dtam,500,9,2129,0.15,4,-1,240,3.01,1,0,
16808.1,het+immigrants,1832,152,opt,E10,5.51369,2520,uniform500,2016,30,8,uniform500,1984,island-dtam,500,10,1984,0.15,4,-1,240,3.01,1,0,
16123.1,FIXED-ref,0,0,opt,E10,1.2136,3070,uniform500,2456,30,8,uniform500,2456,island-fixed,500,1,2455,0.15,4,-1,240,3.007,1,0,
16280.8,FIXED-ref,0,0,opt,E10,2.20347,3120,uniform500,2496,30,8,uniform500,2496,island-fixed,500,2,2496,0.15,4,-1,240,3.001,1,0,
16767.2,FIXED-ref,0,0,opt,E10,5.2574,2910,uniform500,2328,30,8,uniform500,2328,island-fixed,500,3,2325,0.15,4,-1,240,3.007,1,0,
16680,FIXED-ref,0,0,opt,E10,4.70992,3070,uniform500,2456,30,8,uniform500,2456,island-fixed,500,4,2455,0.15,4,-1,240,3.007,1,0,
16551.7,FIXED-ref,0,0,opt,E10,3.90436,2960,uniform500,2368,30,8,uniform500,2368,island-fixed,500,5,2365,0.15,4,-1,240,3.007,1,0,
16382.1,FIXED-ref,0,0,opt,E10,2.8396,3090,uniform500,2472,30,8,uniform500,2472,island-fixed,500,6,2468,0.15,4,-1,240,3.001,1,0,
16718.1,FIXED-ref,0,0,opt,E10,4.94902,3040,uniform500,2432,30,8,uniform500,2432,island-fixed,500,7,2428,0.15,4,-1,240,3.001,1,0,
16533.1,FIXED-ref,0,0,opt,E10,3.78786,3090,uniform500,2472,30,8,uniform500,2472,island-fixed,500,8,2472,0.15,4,-1,240,3.001,1,0,
16955,FIXED-ref,0,0,opt,E10,6.43605,3070,uniform500,2456,30,8,uniform500,2456,island-fixed,500,9,2454,0.15,4,-1,240,3.006,1,0,
16756.8,FIXED-ref,0,0,opt,E10,5.19174,3090,uniform500,2472,30,8,uniform500,2472,island-fixed,500,10,2470,0.15,4,-1,240,3.003,1,0,
7789.53,stock,4032,16,opt,E10,-1,5070,clustered600,4056,30,8,clustered600,4048,island-dtam,600,1,4048,0.15,4,-1,240,3.004,0,0,
8593.06,stock,3976,3,opt,E10,-1,4980,clustered600,3984,30,8,clustered600,3979,island-dtam,600,2,3979,0.15,4,-1,240,3.003,0,0,
8955.29,stock,3904,24,opt,E10,-1,4920,clustered600,3936,30,8,clustered600,3928,island-dtam,600,3,3928,0.15,4,-1,240,3.004,0,0,
7463.23,stock,3936,38,opt,E10,-1,4980,clustered600,3984,30,8,clustered600,3974,island-dtam,600,4,3974,0.15,4,-1,240,3.003,0,0,
9135.91,stock,4160,46,opt,E10,-1,5270,clustered600,4216,30,8,clustered600,4206,island-dtam,600,5,4206,0.15,4,-1,240,3.001,0,0,
8701.97,stock,3848,17,opt,E10,-1,4840,clustered600,3872,30,8,clustered600,3865,island-dtam,600,6,3865,0.15,4,-1,240,3.004,0,0,
9068.27,stock,4128,24,opt,E10,-1,5200,clustered600,4160,30,8,clustered600,4152,island-dtam,600,7,4152,0.15,4,-1,240,3.004,0,0,
8228.29,stock,3976,38,opt,E10,-1,5030,clustered600,4024,30,8,clustered600,4014,island-dtam,600,8,4014,0.15,4,-1,240,3.001,0,0,
8590.74,stock,3808,9,opt,E10,-1,4780,clustered600,3824,30,8,clustered600,3817,island-dtam,600,9,3817,0.15,4,-1,240,3.004,0,0,
7904.76,stock,4176,36,opt,E10,-1,5280,clustered600,4224,30,8,clustered600,4212,island-dtam,600,10,4212,0.15,4,-1,240,3.002,0,0,
8854.46,heterogeneous,4064,141,opt,E10,-1,5290,clustered600,4232,30,8,clustered600,4205,island-dtam,600,1,4205,0.15,4,-1,240,3.003,0,0,
9220.94,heterogeneous,3872,44,opt,E10,-1,4910,clustered600,3928,30,8,clustered600,3916,island-dtam,600,2,3916,0.15,4,-1,240,3.002,0,0,
7972.19,heterogeneous,4104,55,opt,E10,-1,5220,clustered600,4176,30,8,clustered600,4159,island-dtam,600,3,4159,0.15,4,-1,240,3.002,0,0,
8019.44,heterogeneous,3960,108,opt,E10,-1,5110,clustered600,4088,30,8,clustered600,4068,island-dtam,600,4,4068,0.15,4,-1,240,3.003,0,0,
8931.78,heterogeneous,4144,107,opt,E10,-1,5340,clustered600,4272,30,8,clustered600,4251,island-dtam,600,5,4251,0.15,4,-1,240,3.003,0,0,
8049.54,heterogeneous,3896,69,opt,E10,-1,4980,clustered600,3984,30,8,clustered600,3965,island-dtam,600,6,3965,0.15,4,-1,240,3,0,0,
9940.02,heterogeneous,4088,64,opt,E10,-1,5210,clustered600,4168,30,8,clustered600,4152,island-dtam,600,7,4152,0.15,4,-1,240,3.003,0,0,
7978.67,heterogeneous,4200,64,opt,E10,-1,5350,clustered600,4280,30,8,clustered600,4264,island-dtam,600,8,4264,0.15,4,-1,240,3.005,0,0,
8286.74,heterogeneous,4160,65,opt,E10,-1,5300,clustered600,4240,30,8,clustered600,4225,island-dtam,600,9,4225,0.15,4,-1,240,3.004,0,0,
8057.67,heterogeneous,4152,55,opt,E10,-1,5280,clustered600,4224,30,8,clustered600,4207,island-dtam,600,10,4207,0.15,4,-1,240,3.006,0,0,
9532.41,rel-trigger,0,1546,opt,E10,-1,6500,clustered600,5200,30,8,clustered600,1546,island-dtam,600,1,1546,0.15,4,-1,240,3,0,0,
10259.1,rel-trigger,8,1557,opt,E10,-1,6310,clustered600,5048,30,8,clustered600,1565,island-dtam,600,2,1565,0.15,4,-1,240,3.001,0,0,
10861.2,rel-trigger,0,1495,opt,E10,-1,5920,clustered600,4736,30,8,clustered600,1495,island-dtam,600,3,1495,0.15,4,-1,240,3.001,0,0,
9368.31,rel-trigger,0,1372,opt,E10,-1,5660,clustered600,4528,30,8,clustered600,1372,island-dtam,600,4,1372,0.15,4,-1,240,3.003,0,0,
10652.2,rel-trigger,8,1498,opt,E10,-1,6020,clustered600,4816,30,8,clustered600,1506,island-dtam,600,5,1506,0.15,4,-1,240,3.003,0,0,
9485.18,rel-trigger,0,1467,opt,E10,-1,5920,clustered600,4736,30,8,clustered600,1467,island-dtam,600,6,1467,0.15,4,-1,240,3.001,0,0,
10189,rel-trigger,0,1521,opt,E10,-1,6290,clustered600,5032,30,8,clustered600,1521,island-dtam,600,7,1521,0.15,4,-1,240,3.003,0,0,
9012.02,rel-trigger,0,1576,opt,E10,-1,6290,clustered600,5032,30,8,clustered600,1576,island-dtam,600,8,1576,0.15,4,-1,240,3.004,0,0,
10170.1,rel-trigger,0,1518,opt,E10,-1,6120,clustered600,4896,30,8,clustered600,1518,island-dtam,600,9,1518,0.15,4,-1,240,3,0,0,
10953,rel-trigger,8,1494,opt,E10,-1,5960,clustered600,4768,30,8,clustered600,1502,island-dtam,600,10,1502,0.15,4,-1,240,3.004,0,0,
9124.18,het+rel,0,1472,opt,E10,-1,6410,clustered600,5128,30,8,clustered600,1472,island-dtam,600,1,1472,0.15,4,-1,240,3,0,0,
10506,het+rel,0,1377,opt,E10,-1,6290,clustered600,5032,30,8,clustered600,1377,island-dtam,600,2,1377,0.15,4,-1,240,3.001,0,0,
11970.9,het+rel,0,1272,opt,E10,-1,5890,clustered600,4712,30,8,clustered600,1272,island-dtam,600,3,1272,0.15,4,-1,240,3,0,0,
9631.19,het+rel,0,1328,opt,E10,-1,6100,clustered600,4880,30,8,clustered600,1328,island-dtam,600,4,1328,0.15,4,-1,240,3,0,0,
10012.9,het+rel,0,1391,opt,E10,-1,6410,clustered600,5128,30,8,clustered600,1391,island-dtam,600,5,1391,0.15,4,-1,240,3.001,0,0,
11095.2,het+rel,0,1233,opt,E10,-1,5650,clustered600,4520,30,8,clustered600,1233,island-dtam,600,6,1233,0.15,4,-1,240,3.004,0,0,
11387.9,het+rel,0,1242,opt,E10,-1,5860,clustered600,4688,30,8,clustered600,1242,island-dtam,600,7,1242,0.15,4,-1,240,3.002,0,0,
9151.79,het+rel,0,1311,opt,E10,-1,6080,clustered600,4864,30,8,clustered600,1311,island-dtam,600,8,1311,0.15,4,-1,240,3.003,0,0,
10106.5,het+rel,0,1283,opt,E10,-1,5880,clustered600,4704,30,8,clustered600,1283,island-dtam,600,9,1283,0.15,4,-1,240,3,0,0,
11041.3,het+rel,0,1356,opt,E10,-1,5900,clustered600,4720,30,8,clustered600,1356,island-dtam,600,10,1356,0.15,4,-1,240,3,0,0,
8196.85,immigrants,4088,72,opt,E10,-1,5230,clustered600,4184,30,8,clustered600,4160,island-dtam,600,1,4160,0.15,4,-1,240,3.003,0,0,
10042,immigrants,3832,69,opt,E10,-1,4900,clustered600,3920,30,8,clustered600,3901,island-dtam,600,2,3901,0.15,4,-1,240,3.002,0,0,
8680.77,immigrants,3936,87,opt,E10,-1,5060,clustered600,4048,30,8,clustered600,4023,island-dtam,600,3,4023,0.15,4,-1,240,3.002,0,0,
7976.05,immigrants,3816,58,opt,E10,-1,4870,clustered600,3896,30,8,clustered600,3874,island-dtam,600,4,3874,0.15,4,-1,240,3.004,0,0,
9450.52,immigrants,4016,96,opt,E10,-1,5170,clustered600,4136,30,8,clustered600,4112,island-dtam,600,5,4112,0.15,4,-1,240,3.004,0,0,
7677.76,immigrants,4048,127,opt,E10,-1,5260,clustered600,4208,30,8,clustered600,4175,island-dtam,600,6,4175,0.15,4,-1,240,3.003,0,0,
9791.83,immigrants,3984,86,opt,E10,-1,5120,clustered600,4096,30,8,clustered600,4070,island-dtam,600,7,4070,0.15,4,-1,240,3.005,0,0,
8055.74,immigrants,3984,75,opt,E10,-1,5100,clustered600,4080,30,8,clustered600,4059,island-dtam,600,8,4059,0.15,4,-1,240,3,0,0,
8400.03,immigrants,3872,53,opt,E10,-1,4930,clustered600,3944,30,8,clustered600,3925,island-dtam,600,9,3925,0.15,4,-1,240,3.001,0,0,
9456.43,immigrants,3784,87,opt,E10,-1,4870,clustered600,3896,30,8,clustered600,3871,island-dtam,600,10,3871,0.15,4,-1,240,3,0,0,
8549.96,het+immigrants,3952,225,opt,E10,-1,5290,clustered600,4232,30,8,clustered600,4177,island-dtam,600,1,4177,0.15,4,-1,240,3.004,0,0,
8382.68,het+immigrants,3640,138,opt,E10,-1,4760,clustered600,3808,30,8,clustered600,3778,island-dtam,600,2,3778,0.15,4,-1,240,3.002,0,0,
8539.27,het+immigrants,3960,176,opt,E10,-1,5220,clustered600,4176,30,8,clustered600,4136,island-dtam,600,3,4136,0.15,4,-1,240,3.003,0,0,
8184.23,het+immigrants,3912,211,opt,E10,-1,5210,clustered600,4168,30,8,clustered600,4123,island-dtam,600,4,4123,0.15,4,-1,240,3.004,0,0,
8638.69,het+immigrants,3936,225,opt,E10,-1,5260,clustered600,4208,30,8,clustered600,4161,island-dtam,600,5,4161,0.15,4,-1,240,3.001,0,0,
7915.34,het+immigrants,3992,223,opt,E10,-1,5330,clustered600,4264,30,8,clustered600,4215,island-dtam,600,6,4215,0.15,4,-1,240,3.003,0,0,
9118.67,het+immigrants,3920,151,opt,E10,-1,5130,clustered600,4104,30,8,clustered600,4071,island-dtam,600,7,4071,0.15,4,-1,240,3.004,0,0,
7268.24,het+immigrants,4056,124,opt,E10,-1,5260,clustered600,4208,30,8,clustered600,4180,island-dtam,600,8,4180,0.15,4,-1,240,3.004,0,0,
9299.11,het+immigrants,3576,229,opt,E10,-1,4820,clustered600,3856,30,8,clustered600,3805,island-dtam,600,9,3805,0.15,4,-1,240,3.001,0,0,
7792.46,het+immigrants,3736,226,opt,E10,-1,5020,clustered600,4016,30,8,clustered600,3962,island-dtam,600,10,3962,0.15,4,-1,240,3.001,0,0,
6947.58,FIXED-ref,0,0,opt,E10,-1,7210,clustered600,5768,30,8,clustered600,5768,island-fixed,600,1,5757,0.15,4,-1,240,3.001,0,0,
7306.24,FIXED-ref,0,0,opt,E10,-1,7200,clustered600,5760,30,8,clustered600,5760,island-fixed,600,2,5751,0.15,4,-1,240,3.004,0,0,
7264.28,FIXED-ref,0,0,opt,E10,-1,6940,clustered600,5552,30,8,clustered600,5552,island-fixed,600,3,5544,0.15,4,-1,240,3.003,0,0,
7082.94,FIXED-ref,0,0,opt,E10,-1,6930,clustered600,5544,30,8,clustered600,5544,island-fixed,600,4,5534,0.15,4,-1,240,3.003,0,0,
7973.87,FIXED-ref,0,0,opt,E10,-1,7230,clustered600,5784,30,8,clustered600,5784,island-fixed,600,5,5774,0.15,4,-1,240,3.003,0,0,
6989.27,FIXED-ref,0,0,opt,E10,-1,6890,clustered600,5512,30,8,clustered600,5512,island-fixed,600,6,5506,0.15,4,-1,240,3.002,0,0,
8379.7,FIXED-ref,0,0,opt,E10,-1,7030,clustered600,5624,30,8,clustered600,5624,island-fixed,600,7,5619,0.15,4,-1,240,3.004,0,0,
6951.52,FIXED-ref,0,0,opt,E10,-1,6570,clustered600,5256,30,8,clustered600,5256,island-fixed,600,8,5249,0.15,4,-1,240,3,0,0,
7544.7,FIXED-ref,0,0,opt,E10,-1,7090,clustered600,5672,30,8,clustered600,5672,island-fixed,600,9,5659,0.15,4,-1,240,3.003,0,0,
6724.07,FIXED-ref,0,0,opt,E10,-1,7180,clustered600,5744,30,8,clustered600,5744,island-fixed,600,10,5731,0.15,4,-1,240,3.001,0,0,
5163.63,stock,1592,0,opt,E10,-1,1990,clustered600,1592,30,8,clustered600,1592,island-dtam,600,1,1592,0.15,4,-1,240,3.002,1,0,
5488.5,stock,1568,7,opt,E10,-1,1970,clustered600,1576,30,8,clustered600,1575,island-dtam,600,2,1575,0.15,4,-1,240,3.001,1,0,
5270.37,stock,1536,7,opt,E10,-1,1930,clustered600,1544,30,8,clustered600,1543,island-dtam,600,3,1543,0.15,4,-1,240,3.003,1,0,
4573.43,stock,1584,0,opt,E10,-1,1980,clustered600,1584,30,8,clustered600,1584,island-dtam,600,4,1584,0.15,4,-1,240,3.001,1,0,
5727.02,stock,1664,7,opt,E10,-1,2090,clustered600,1672,30,8,clustered600,1671,island-dtam,600,5,1671,0.15,4,-1,240,3.006,1,0,
5029.49,stock,1616,5,opt,E10,-1,2030,clustered600,1624,30,8,clustered600,1621,island-dtam,600,6,1621,0.15,4,-1,240,3.008,1,0,
5862.33,stock,1584,7,opt,E10,-1,1990,clustered600,1592,30,8,clustered600,1591,island-dtam,600,7,1591,0.15,4,-1,240,3.012,1,0,
4691.75,stock,1696,7,opt,E10,-1,2130,clustered600,1704,30,8,clustered600,1703,island-dtam,600,8,1703,0.15,4,-1,240,3.009,1,0,
5377.76,stock,1664,7,opt,E10,-1,2090,clustered600,1672,30,8,clustered600,1671,island-dtam,600,9,1671,0.15,4,-1,240,3.012,1,0,
5076.62,stock,1656,6,opt,E10,-1,2080,clustered600,1664,30,8,clustered600,1662,island-dtam,600,10,1662,0.15,4,-1,240,3.001,1,0,
5138.34,heterogeneous,1544,20,opt,E10,-1,1960,clustered600,1568,30,8,clustered600,1564,island-dtam,600,1,1564,0.15,4,-1,240,3.003,1,0,
5484.32,heterogeneous,1496,26,opt,E10,-1,1910,clustered600,1528,30,8,clustered600,1522,island-dtam,600,2,1522,0.15,4,-1,240,3.011,1,0,
5279.56,heterogeneous,1456,26,opt,E10,-1,1860,clustered600,1488,30,8,clustered600,1482,island-dtam,600,3,1482,0.15,4,-1,240,3.009,1,0,
4578.08,heterogeneous,1608,21,opt,E10,-1,2040,clustered600,1632,30,8,clustered600,1629,island-dtam,600,4,1629,0.15,4,-1,240,3.005,1,0,
5731.63,heterogeneous,1624,5,opt,E10,-1,2040,clustered600,1632,30,8,clustered600,1629,island-dtam,600,5,1629,0.15,4,-1,240,3.009,1,0,
5027.46,heterogeneous,1528,26,opt,E10,-1,1950,clustered600,1560,30,8,clustered600,1554,island-dtam,600,6,1554,0.15,4,-1,240,3,1,0,
5868.4,heterogeneous,1528,19,opt,E10,-1,1940,clustered600,1552,30,8,clustered600,1547,island-dtam,600,7,1547,0.15,4,-1,240,3.003,1,0,
4698.64,heterogeneous,1480,19,opt,E10,-1,1880,clustered600,1504,30,8,clustered600,1499,island-dtam,600,8,1499,0.15,4,-1,240,3.014,1,0,
5369.41,heterogeneous,1480,26,opt,E10,-1,1890,clustered600,1512,30,8,clustered600,1506,island-dtam,600,9,1506,0.15,4,-1,240,3.007,1,0,
5075.06,heterogeneous,1592,4,opt,E10,-1,2000,clustered600,1600,30,8,clustered600,1596,island-dtam,600,10,1596,0.15,4,-1,240,3.006,1,0,
5134.68,rel-trigger,8,343,opt,E10,-1,2260,clustered600,1808,30,8,clustered600,351,island-dtam,600,1,351,0.15,4,-1,240,3.009,1,0,
5488.74,rel-trigger,0,355,opt,E10,-1,2120,clustered600,1696,30,8,clustered600,355,island-dtam,600,2,355,0.15,4,-1,240,3,1,0,
5270.99,rel-trigger,8,402,opt,E10,-1,2090,clustered600,1672,30,8,clustered600,410,island-dtam,600,3,410,0.15,4,-1,240,3.008,1,0,
4575.6,rel-trigger,8,322,opt,E10,-1,2250,clustered600,1800,30,8,clustered600,330,island-dtam,600,4,330,0.15,4,-1,240,3.011,1,0,
5727.02,rel-trigger,8,333,opt,E10,-1,2280,clustered600,1824,30,8,clustered600,341,island-dtam,600,5,341,0.15,4,-1,240,3.008,1,0,
5034.89,rel-trigger,8,336,opt,E10,-1,2250,clustered600,1800,30,8,clustered600,344,island-dtam,600,6,344,0.15,4,-1,240,3.008,1,0,
5865.86,rel-trigger,0,340,opt,E10,-1,2200,clustered600,1760,30,8,clustered600,340,island-dtam,600,7,340,0.15,4,-1,240,3.004,1,0,
4684.93,rel-trigger,0,359,opt,E10,-1,2290,clustered600,1832,30,8,clustered600,359,island-dtam,600,8,359,0.15,4,-1,240,3.006,1,0,
5381.97,rel-trigger,0,343,opt,E10,-1,2190,clustered600,1752,30,8,clustered600,343,island-dtam,600,9,343,0.15,4,-1,240,3.004,1,0,
5076.61,rel-trigger,0,350,opt,E10,-1,2260,clustered600,1808,30,8,clustered600,350,island-dtam,600,10,350,0.15,4,-1,240,3.006,1,0,
5135.19,het+rel,0,379,opt,E10,-1,2120,clustered600,1696,30,8,clustered600,379,island-dtam,600,1,379,0.15,4,-1,240,3.007,1,0,
5488.59,het+rel,0,348,opt,E10,-1,1850,clustered600,1480,30,8,clustered600,348,island-dtam,600,2,348,0.15,4,-1,240,3.011,1,0,
5271.68,het+rel,0,396,opt,E10,-1,1770,clustered600,1416,30,8,clustered600,396,island-dtam,600,3,396,0.15,4,-1,240,3.001,1,0,
4574.13,het+rel,0,362,opt,E10,-1,1990,clustered600,1592,30,8,clustered600,362,island-dtam,600,4,362,0.15,4,-1,240,3.011,1,0,
5733.06,het+rel,0,356,opt,E10,-1,2120,clustered600,1696,30,8,clustered600,356,island-dtam,600,5,356,0.15,4,-1,240,3.008,1,0,
5025.93,het+rel,0,381,opt,E10,-1,1860,clustered600,1488,30,8,clustered600,381,island-dtam,600,6,381,0.15,4,-1,240,3.011,1,0,
5855.63,het+rel,0,346,opt,E10,-1,1890,clustered600,1512,30,8,clustered600,346,island-dtam,600,7,346,0.15,4,-1,240,3.013,1,0,
4689.17,het+rel,0,305,opt,E10,-1,1930,clustered600,1544,30,8,clustered600,305,island-dtam,600,8,305,0.15,4,-1,240,3.005,1,0,
5365.23,het+rel,0,347,opt,E10,-1,1940,clustered600,1552,30,8,clustered600,347,island-dtam,600,9,347,0.15,4,-1,240,3.005,1,0,
5082.48,het+rel,0,329,opt,E10,-1,1980,clustered600,1584,30,8,clustered600,329,island-dtam,600,10,329,0.15,4,-1,240,3.011,1,0,
5138.67,immigrants,1616,19,opt,E10,-1,2050,clustered600,1640,30,8,clustered600,1635,island-dtam,600,1,1635,0.15,4,-1,240,3.001,1,0,
5498.2,immigrants,1552,34,opt,E10,-1,1990,clustered600,1592,30,8,clustered600,1586,island-dtam,600,2,1586,0.15,4,-1,240,3.002,1,0,
5270.91,immigrants,1520,23,opt,E10,-1,1940,clustered600,1552,30,8,clustered600,1543,island-dtam,600,3,1543,0.15,4,-1,240,3.016,1,0,
4585.71,immigrants,1608,19,opt,E10,-1,2040,clustered600,1632,30,8,clustered600,1627,island-dtam,600,4,1627,0.15,4,-1,240,3.005,1,0,
5729.07,immigrants,1632,17,opt,E10,-1,2070,clustered600,1656,30,8,clustered600,1649,island-dtam,600,5,1649,0.15,4,-1,240,3.006,1,0,
5031.98,immigrants,1616,17,opt,E10,-1,2050,clustered600,1640,30,8,clustered600,1633,island-dtam,600,6,1633,0.15,4,-1,240,3.005,1,0,
5867.93,immigrants,1624,18,opt,E10,-1,2060,clustered600,1648,30,8,clustered600,1642,island-dtam,600,7,1642,0.15,4,-1,240,3.004,1,0,
4693.29,immigrants,1640,22,opt,E10,-1,2090,clustered600,1672,30,8,clustered600,1662,island-dtam,600,8,1662,0.15,4,-1,240,3.008,1,0,
5376.56,immigrants,1616,25,opt,E10,-1,2060,clustered600,1648,30,8,clustered600,1641,island-dtam,600,9,1641,0.15,4,-1,240,3.006,1,0,
5074.14,immigrants,1616,20,opt,E10,-1,2050,clustered600,1640,30,8,clustered600,1636,island-dtam,600,10,1636,0.15,4,-1,240,3.005,1,0,
5133.13,het+immigrants,1512,45,opt,E10,-1,1960,clustered600,1568,30,8,clustered600,1557,island-dtam,600,1,1557,0.15,4,-1,240,3.008,1,0,
5494.75,het+immigrants,1448,62,opt,E10,-1,1910,clustered600,1528,30,8,clustered600,1510,island-dtam,600,2,1510,0.15,4,-1,240,3.017,1,0,
5269.68,het+immigrants,1392,64,opt,E10,-1,1840,clustered600,1472,30,8,clustered600,1456,island-dtam,600,3,1456,0.15,4,-1,240,3,1,0,
4573.85,het+immigrants,1520,49,opt,E10,-1,1980,clustered600,1584,30,8,clustered600,1569,island-dtam,600,4,1569,0.15,4,-1,240,3.012,1,0,
5732.66,het+immigrants,1544,65,opt,E10,-1,2030,clustered600,1624,30,8,clustered600,1609,island-dtam,600,5,1609,0.15,4,-1,240,3.007,1,0,
5026.28,het+immigrants,1536,35,opt,E10,-1,1980,clustered600,1584,30,8,clustered600,1571,island-dtam,600,6,1571,0.15,4,-1,240,3.009,1,0,
5873.18,het+immigrants,1488,57,opt,E10,-1,1950,clustered600,1560,30,8,clustered600,1545,island-dtam,600,7,1545,0.15,4,-1,240,3.004,1,0,
4697.91,het+immigrants,1512,50,opt,E10,-1,1970,clustered600,1576,30,8,clustered600,1562,island-dtam,600,8,1562,0.15,4,-1,240,3.003,1,0,
5386.97,het+immigrants,1464,77,opt,E10,-1,1950,clustered600,1560,30,8,clustered600,1541,island-dtam,600,9,1541,0.15,4,-1,240,3.001,1,0,
5082.48,het+immigrants,1552,45,opt,E10,-1,2010,clustered600,1608,30,8,clustered600,1597,island-dtam,600,10,1597,0.15,4,-1,240,3.008,1,0,
5154.82,FIXED-ref,0,0,opt,E10,-1,2280,clustered600,1824,30,8,clustered600,1824,island-fixed,600,1,1823,0.15,4,-1,240,3.001,1,0,
5489.55,FIXED-ref,0,0,opt,E10,-1,2290,clustered600,1832,30,8,clustered600,1832,island-fixed,600,2,1832,0.15,4,-1,240,3.002,1,0,
5271.01,FIXED-ref,0,0,opt,E10,-1,2160,clustered600,1728,30,8,clustered600,1728,island-fixed,600,3,1726,0.15,4,-1,240,3.003,1,0,
4579.99,FIXED-ref,0,0,opt,E10,-1,2340,clustered600,1872,30,8,clustered600,1872,island-fixed,600,4,1872,0.15,4,-1,240,3.006,1,0,
5732.11,FIXED-ref,0,0,opt,E10,-1,2320,clustered600,1856,30,8,clustered600,1856,island-fixed,600,5,1855,0.15,4,-1,240,3.012,1,0,
5030.57,FIXED-ref,0,0,opt,E10,-1,2330,clustered600,1864,30,8,clustered600,1864,island-fixed,600,6,1860,0.15,4,-1,240,3.003,1,0,
5861.76,FIXED-ref,0,0,opt,E10,-1,2320,clustered600,1856,30,8,clustered600,1856,island-fixed,600,7,1855,0.15,4,-1,240,3.011,1,0,
4688.54,FIXED-ref,0,0,opt,E10,-1,2370,clustered600,1896,30,8,clustered600,1896,island-fixed,600,8,1895,0.15,4,-1,240,3.008,1,0,
5369.49,FIXED-ref,0,0,opt,E10,-1,2290,clustered600,1832,30,8,clustered600,1832,island-fixed,600,9,1831,0.15,4,-1,240,3.005,1,0,
5085.16,FIXED-ref,0,0,opt,E10,-1,2330,clustered600,1864,30,8,clustered600,1864,island-fixed,600,10,1862,0.15,4,-1,240,3.003,1,0,
