mode,engine,instance,n,threads,islands,island_pop,total_pop,generations,seed,twoopt,tau,best_len,gap,total_time,time_to_target,migrations,stag_epochs,island_epochs,valid,landscape,epoch_len
island-fixed,opt,uniform500,500,4,8,30,240,4095,1,0,0.15,27857.5,74.8773,4.006,-1,6552,6518,6552,0,uniform500,5
island-fixed,opt,uniform500,500,4,8,30,240,3690,2,0,0.15,29661.9,86.2043,4.001,-1,5904,5864,5904,0,uniform500,5
island-fixed,opt,uniform500,500,4,8,30,240,5755,3,0,0.15,24136.6,51.519,4.004,-1,9208,9172,9208,0,uniform500,5
island-fixed,opt,uniform500,500,4,8,30,240,6240,4,0,0.15,22998.7,44.376,4.002,-1,9984,9937,9984,0,uniform500,5
island-fixed,opt,uniform500,500,4,8,30,240,6095,5,0,0.15,23760.8,49.1601,4.002,-1,9752,9709,9752,0,uniform500,5
island-fixed,opt,uniform500,500,4,8,30,240,4740,6,0,0.15,26492.4,66.3076,4.002,-1,7584,7540,7584,0,uniform500,5
island-fixed,opt,uniform500,500,4,8,30,240,6275,7,0,0.15,22820.8,43.259,4.004,-1,10040,10005,10040,0,uniform500,5
island-fixed,opt,uniform500,500,4,8,30,240,5930,8,0,0.15,23129.6,45.1975,4.001,-1,9488,9449,9488,0,uniform500,5
island-fixed,opt,uniform500,500,4,8,30,240,6640,1,0,0.15,24333.6,52.756,4.007,-1,5312,5304,5312,0,uniform500,10
island-fixed,opt,uniform500,500,4,8,30,240,4710,2,0,0.15,31176.2,95.7107,4.002,-1,3768,3759,3768,0,uniform500,10
island-fixed,opt,uniform500,500,4,8,30,240,3860,3,0,0.15,35234.3,121.185,4.002,-1,3088,3071,3088,0,uniform500,10
island-fixed,opt,uniform500,500,4,8,30,240,4200,4,0,0.15,34343,115.59,4.014,-1,3360,3353,3360,0,uniform500,10
island-fixed,opt,uniform500,500,4,8,30,240,3500,5,0,0.15,37621.8,136.173,4.003,-1,2800,2794,2800,0,uniform500,10
island-fixed,opt,uniform500,500,4,8,30,240,5090,6,0,0.15,28606.6,79.5798,4.004,-1,4072,4059,4072,0,uniform500,10
island-fixed,opt,uniform500,500,4,8,30,240,5000,7,0,0.15,29628.1,85.9923,4.008,-1,4000,3989,4000,0,uniform500,10
island-fixed,opt,uniform500,500,4,8,30,240,5070,8,0,0.15,28542.1,79.1748,4.002,-1,4056,4045,4056,0,uniform500,10
island-fixed,opt,uniform500,500,4,8,30,240,4775,1,0,0.15,34669.8,117.642,4.003,-1,1528,1528,1528,0,uniform500,25
island-fixed,opt,uniform500,500,4,8,30,240,4700,2,0,0.15,35677.7,123.969,4.003,-1,1504,1503,1504,0,uniform500,25
island-fixed,opt,uniform500,500,4,8,30,240,5075,3,0,0.15,33839.1,112.427,4.02,-1,1624,1624,1624,0,uniform500,25
island-fixed,opt,uniform500,500,4,8,30,240,3900,4,0,0.15,40124.9,151.887,4.005,-1,1248,1248,1248,0,uniform500,25
island-fixed,opt,uniform500,500,4,8,30,240,5950,5,0,0.15,31026.4,94.7704,4.009,-1,1904,1904,1904,0,uniform500,25
island-fixed,opt,uniform500,500,4,8,30,240,7825,6,0,0.15,26175.8,64.3201,4.017,-1,2504,2503,2504,0,uniform500,25
island-fixed,opt,uniform500,500,4,8,30,240,4850,7,0,0.15,33122.4,107.928,4.162,-1,1552,1552,1552,0,uniform500,25
island-fixed,opt,uniform500,500,4,8,30,240,1800,8,0,0.15,62101,289.843,4,-1,576,576,576,0,uniform500,25
island-fixed,opt,uniform500,500,4,8,30,240,5400,1,0,0.15,34715,117.925,4.003,-1,864,864,864,0,uniform500,50
island-fixed,opt,uniform500,500,4,8,30,240,5950,2,0,0.15,32970.7,106.975,4.059,-1,952,952,952,0,uniform500,50
island-fixed,opt,uniform500,500,4,8,30,240,5100,3,0,0.15,36579.4,129.629,4.028,-1,816,815,816,0,uniform500,50
island-fixed,opt,uniform500,500,4,8,30,240,5100,4,0,0.15,36289.4,127.809,4.012,-1,816,816,816,0,uniform500,50
island-fixed,opt,uniform500,500,4,8,30,240,7650,5,0,0.15,28547.7,79.2099,4.009,-1,1224,1224,1224,0,uniform500,50
island-fixed,opt,uniform500,500,4,8,30,240,9200,6,0,0.15,25755.8,61.6839,4.03,-1,1472,1472,1472,0,uniform500,50
island-fixed,opt,uniform500,500,4,8,30,240,9100,7,0,0.15,26623.7,67.1317,4.028,-1,1456,1456,1456,0,uniform500,50
island-fixed,opt,uniform500,500,4,8,30,240,10450,8,0,0.15,24513.5,53.8852,4.023,-1,1672,1672,1672,0,uniform500,50
island-fixed,opt,uniform500,500,4,8,30,240,9500,1,0,0.15,27162.5,70.5142,4.006,-1,760,760,760,0,uniform500,100
island-fixed,opt,uniform500,500,4,8,30,240,8400,2,0,0.15,29496.4,85.1654,4.029,-1,672,672,672,0,uniform500,100
island-fixed,opt,uniform500,500,4,8,30,240,9600,3,0,0.15,27617.9,73.3732,4.017,-1,768,768,768,0,uniform500,100
island-fixed,opt,uniform500,500,4,8,30,240,9600,4,0,0.15,27230.7,70.9422,4.01,-1,768,768,768,0,uniform500,100
island-fixed,opt,uniform500,500,4,8,30,240,9200,5,0,0.15,28203.3,77.0477,4.016,-1,736,736,736,0,uniform500,100
island-fixed,opt,uniform500,500,4,8,30,240,8500,6,0,0.15,29034.8,82.2677,4.054,-1,680,680,680,0,uniform500,100
island-fixed,opt,uniform500,500,4,8,30,240,9300,7,0,0.15,27730.5,74.0798,4.036,-1,744,744,744,0,uniform500,100
island-fixed,opt,uniform500,500,4,8,30,240,8700,8,0,0.15,28435.7,78.5067,4.573,-1,696,696,696,0,uniform500,100
island-fixed,opt,uniform500,500,4,8,30,240,1800,1,0,0.15,66603.4,318.107,4.022,-1,72,72,72,0,uniform500,200
island-fixed,opt,uniform500,500,4,8,30,240,9800,2,0,0.15,27927.6,75.3172,4.064,-1,392,392,392,0,uniform500,200
island-fixed,opt,uniform500,500,4,8,30,240,9200,3,0,0.15,29407.5,84.6075,4.024,-1,368,368,368,0,uniform500,200
island-fixed,opt,uniform500,500,4,8,30,240,9800,4,0,0.15,28643,79.8082,4.067,-1,392,392,392,0,uniform500,200
island-fixed,opt,uniform500,500,4,8,30,240,10400,5,0,0.15,27842.3,74.7816,4.015,-1,416,416,416,0,uniform500,200
island-fixed,opt,uniform500,500,4,8,30,240,9000,6,0,0.15,29729,86.6255,4.14,-1,360,360,360,0,uniform500,200
island-fixed,opt,uniform500,500,4,8,30,240,10200,7,0,0.15,28321.1,77.7878,4.05,-1,408,408,408,0,uniform500,200
island-fixed,opt,uniform500,500,4,8,30,240,10400,8,0,0.15,27201.3,70.758,4.115,-1,416,416,416,0,uniform500,200
island-dtam,opt,uniform500,500,4,8,30,240,3995,1,0,0.15,25947.7,62.8884,4.001,-1,6349,6349,6392,0,uniform500,5
island-dtam,opt,uniform500,500,4,8,30,240,2980,2,0,0.15,31883.5,100.151,4.002,-1,4729,4729,4768,0,uniform500,5
island-dtam,opt,uniform500,500,4,8,30,240,2970,3,0,0.15,32826,106.067,4.004,-1,4714,4714,4752,0,uniform500,5
island-dtam,opt,uniform500,500,4,8,30,240,2890,4,0,0.15,33980.1,113.312,4.004,-1,4569,4569,4624,0,uniform500,5
island-dtam,opt,uniform500,500,4,8,30,240,3170,5,0,0.15,31752.2,99.3264,4.006,-1,5038,5038,5072,0,uniform500,5
island-dtam,opt,uniform500,500,4,8,30,240,3105,6,0,0.15,31630.4,98.5616,4.002,-1,4913,4913,4968,0,uniform500,5
island-dtam,opt,uniform500,500,4,8,30,240,3240,7,0,0.15,29991.6,88.274,4.005,-1,5137,5137,5184,0,uniform500,5
island-dtam,opt,uniform500,500,4,8,30,240,3190,8,0,0.15,31532.3,97.9463,4.004,-1,5062,5062,5104,0,uniform500,5
island-dtam,opt,uniform500,500,4,8,30,240,4260,1,0,0.15,29878,87.561,4.001,-1,3393,3393,3408,0,uniform500,10
island-dtam,opt,uniform500,500,4,8,30,240,4390,2,0,0.15,29620.4,85.9437,4.012,-1,3508,3508,3512,0,uniform500,10
island-dtam,opt,uniform500,500,4,8,30,240,4490,3,0,0.15,28934.7,81.6392,4.002,-1,3582,3582,3592,0,uniform500,10
island-dtam,opt,uniform500,500,4,8,30,240,4580,4,0,0.15,28609.5,79.5979,4.006,-1,3656,3656,3664,0,uniform500,10
island-dtam,opt,uniform500,500,4,8,30,240,4240,5,0,0.15,28947.3,81.7184,4.007,-1,3383,3383,3392,0,uniform500,10
island-dtam,opt,uniform500,500,4,8,30,240,4320,6,0,0.15,30068.1,88.7541,4,-1,3447,3447,3456,0,uniform500,10
island-dtam,opt,uniform500,500,4,8,30,240,4210,7,0,0.15,31308.3,96.5397,4.004,-1,3362,3362,3368,0,uniform500,10
island-dtam,opt,uniform500,500,4,8,30,240,4440,8,0,0.15,29352.8,84.2637,4.001,-1,3545,3545,3552,0,uniform500,10
island-dtam,opt,uniform500,500,4,8,30,240,5575,1,0,0.15,29688.3,86.3705,4.012,-1,1783,1783,1784,0,uniform500,25
island-dtam,opt,uniform500,500,4,8,30,240,5675,2,0,0.15,30013.9,88.414,4.005,-1,1816,1816,1816,0,uniform500,25
island-dtam,opt,uniform500,500,4,8,30,240,6025,3,0,0.15,29211.1,83.3747,4.001,-1,1927,1927,1928,0,uniform500,25
island-dtam,opt,uniform500,500,4,8,30,240,7825,4,0,0.15,24910.1,56.3749,4.006,-1,2504,2504,2504,0,uniform500,25
island-dtam,opt,uniform500,500,4,8,30,240,8375,5,0,0.15,23865.5,49.8169,4.005,-1,2679,2679,2680,0,uniform500,25
island-dtam,opt,uniform500,500,4,8,30,240,8125,6,0,0.15,24356.2,52.8975,4.001,-1,2600,2600,2600,0,uniform500,25
island-dtam,opt,uniform500,500,4,8,30,240,7875,7,0,0.15,24860.5,56.0632,4.009,-1,2520,2520,2520,0,uniform500,25
island-dtam,opt,uniform500,500,4,8,30,240,8700,8,0,0.15,23410.8,46.9631,4.003,-1,2784,2784,2784,0,uniform500,25
island-dtam,opt,uniform500,500,4,8,30,240,9350,1,0,0.15,25346.5,59.1144,4.003,-1,1496,1496,1496,0,uniform500,50
island-dtam,opt,uniform500,500,4,8,30,240,9900,2,0,0.15,24281.3,52.4276,4.001,-1,1584,1584,1584,0,uniform500,50
island-dtam,opt,uniform500,500,4,8,30,240,9650,3,0,0.15,24451.5,53.4959,4.003,-1,1543,1543,1544,0,uniform500,50
island-dtam,opt,uniform500,500,4,8,30,240,6650,4,0,0.15,30124.8,89.1101,4.02,-1,1064,1064,1064,0,uniform500,50
island-dtam,opt,uniform500,500,4,8,30,240,6400,5,0,0.15,31724.8,99.1547,4.023,-1,1024,1024,1024,0,uniform500,50
island-dtam,opt,uniform500,500,4,8,30,240,6800,6,0,0.15,29710,86.5067,4.026,-1,1088,1088,1088,0,uniform500,50
island-dtam,opt,uniform500,500,4,8,30,240,8750,7,0,0.15,26982.1,69.3817,4.001,-1,1400,1400,1400,0,uniform500,50
island-dtam,opt,uniform500,500,4,8,30,240,9100,8,0,0.15,25470.9,59.8952,4.016,-1,1456,1456,1456,0,uniform500,50
island-dtam,opt,uniform500,500,4,8,30,240,9800,1,0,0.15,26894.9,68.8344,4.028,-1,784,784,784,0,uniform500,100
island-dtam,opt,uniform500,500,4,8,30,240,10800,2,0,0.15,25768,61.7603,4.035,-1,864,864,864,0,uniform500,100
island-dtam,opt,uniform500,500,4,8,30,240,9300,3,0,0.15,27429.1,72.1882,4.041,-1,744,744,744,0,uniform500,100
island-dtam,opt,uniform500,500,4,8,30,240,7100,4,0,0.15,30988,94.5289,4.035,-1,568,568,568,0,uniform500,100
island-dtam,opt,uniform500,500,4,8,30,240,6800,5,0,0.15,32760.1,105.654,4.041,-1,544,544,544,0,uniform500,100
island-dtam,opt,uniform500,500,4,8,30,240,6600,6,0,0.15,32876,106.381,4.058,-1,528,528,528,0,uniform500,100
island-dtam,opt,uniform500,500,4,8,30,240,7000,7,0,0.15,32060.3,101.261,4.038,-1,560,560,560,0,uniform500,100
island-dtam,opt,uniform500,500,4,8,30,240,6900,8,0,0.15,32648.2,104.951,4.007,-1,552,552,552,0,uniform500,100
island-dtam,opt,uniform500,500,4,8,30,240,8400,1,0,0.15,29583.4,85.7115,4.05,-1,336,336,336,0,uniform500,200
island-dtam,opt,uniform500,500,4,8,30,240,11000,2,0,0.15,26203.3,64.4932,4.015,-1,440,440,440,0,uniform500,200
island-dtam,opt,uniform500,500,4,8,30,240,10800,3,0,0.15,27233.3,70.9586,4.051,-1,432,432,432,0,uniform500,200
island-dtam,opt,uniform500,500,4,8,30,240,11200,4,0,0.15,26271.9,64.9237,4.061,-1,448,448,448,0,uniform500,200
island-dtam,opt,uniform500,500,4,8,30,240,13200,5,0,0.15,25606,60.7432,4.02,-1,528,528,528,0,uniform500,200
island-dtam,opt,uniform500,500,4,8,30,240,14400,6,0,0.15,24157.4,51.6497,4.053,-1,576,576,576,0,uniform500,200
island-dtam,opt,uniform500,500,4,8,30,240,14400,7,0,0.15,23461.2,47.279,4.003,-1,576,576,576,0,uniform500,200
island-dtam,opt,uniform500,500,4,8,30,240,14400,8,0,0.15,24284.1,52.445,4.056,-1,576,576,576,0,uniform500,200
island-fixed,opt,uniform500,500,4,8,30,240,325,1,1,0.15,16445.8,3.23923,4.015,-1,520,501,520,0,uniform500,5
island-fixed,opt,uniform500,500,4,8,30,240,325,2,1,0.15,16759.7,5.20992,4.049,-1,520,499,520,0,uniform500,5
island-fixed,opt,uniform500,500,4,8,30,240,315,3,1,0.15,17141.6,7.60743,4.01,-1,504,484,504,0,uniform500,5
island-fixed,opt,uniform500,500,4,8,30,240,315,4,1,0.15,17191.6,7.9212,4.06,-1,504,488,504,0,uniform500,5
island-fixed,opt,uniform500,500,4,8,30,240,320,5,1,0.15,17062.6,7.11164,4.023,-1,512,498,512,0,uniform500,5
island-fixed,opt,uniform500,500,4,8,30,240,335,6,1,0.15,16839.5,5.71087,4.033,-1,536,520,536,0,uniform500,5
island-fixed,opt,uniform500,500,4,8,30,240,315,7,1,0.15,17389.4,9.16333,4.015,-1,504,484,504,0,uniform500,5
island-fixed,opt,uniform500,500,4,8,30,240,320,8,1,0.15,17135.4,7.56849,4.046,-1,512,494,512,0,uniform500,5
island-fixed,opt,uniform500,500,4,8,30,240,330,1,1,0.15,16539.6,3.8286,4.062,-1,264,256,264,0,uniform500,10
island-fixed,opt,uniform500,500,4,8,30,240,280,2,1,0.15,16874,5.92773,4.03,-1,224,220,224,0,uniform500,10
island-fixed,opt,uniform500,500,4,8,30,240,320,3,1,0.15,17381.6,9.11412,4.069,-1,256,250,256,0,uniform500,10
island-fixed,opt,uniform500,500,4,8,30,240,320,4,1,0.15,17300.6,8.60563,4.039,-1,256,250,256,0,uniform500,10
island-fixed,opt,uniform500,500,4,8,30,240,310,5,1,0.15,17083.3,7.24135,4.106,-1,248,244,248,0,uniform500,10
island-fixed,opt,uniform500,500,4,8,30,240,320,6,1,0.15,16986,6.63069,4.011,-1,256,249,256,0,uniform500,10
island-fixed,opt,uniform500,500,4,8,30,240,320,7,1,0.15,17271.7,8.42434,4.017,-1,256,249,256,0,uniform500,10
island-fixed,opt,uniform500,500,4,8,30,240,330,8,1,0.15,16972.5,6.5457,4.092,-1,264,257,264,0,uniform500,10
island-fixed,opt,uniform500,500,4,8,30,240,350,1,1,0.15,16644.6,4.48752,4.182,-1,112,112,112,0,uniform500,25
island-fixed,opt,uniform500,500,4,8,30,240,350,2,1,0.15,16949.9,6.40432,4.185,-1,112,112,112,0,uniform500,25
island-fixed,opt,uniform500,500,4,8,30,240,350,3,1,0.15,17374.1,9.06702,4.199,-1,112,112,112,0,uniform500,25
island-fixed,opt,uniform500,500,4,8,30,240,350,4,1,0.15,17465.3,9.63943,4.102,-1,112,112,112,0,uniform500,25
island-fixed,opt,uniform500,500,4,8,30,240,350,5,1,0.15,17157.6,7.70822,4.21,-1,112,112,112,0,uniform500,25
island-fixed,opt,uniform500,500,4,8,30,240,350,6,1,0.15,17090.8,7.28832,4.167,-1,112,112,112,0,uniform500,25
island-fixed,opt,uniform500,500,4,8,30,240,350,7,1,0.15,17287.1,8.52105,4.268,-1,112,112,112,0,uniform500,25
island-fixed,opt,uniform500,500,4,8,30,240,350,8,1,0.15,17174.6,7.81492,4.281,-1,112,112,112,0,uniform500,25
island-fixed,opt,uniform500,500,4,8,30,240,350,1,1,0.15,16563.1,3.97602,4.251,-1,56,56,56,0,uniform500,50
island-fixed,opt,uniform500,500,4,8,30,240,350,2,1,0.15,17020.7,6.84862,4.167,-1,56,56,56,0,uniform500,50
island-fixed,opt,uniform500,500,4,8,30,240,350,3,1,0.15,17269.7,8.41138,4.396,-1,56,56,56,0,uniform500,50
island-fixed,opt,uniform500,500,4,8,30,240,350,4,1,0.15,17509.6,9.9175,4.407,-1,56,56,56,0,uniform500,50
island-fixed,opt,uniform500,500,4,8,30,240,350,5,1,0.15,17124.7,7.5015,4.43,-1,56,56,56,0,uniform500,50
island-fixed,opt,uniform500,500,4,8,30,240,350,6,1,0.15,17271.6,8.42372,4.38,-1,56,56,56,0,uniform500,50
island-fixed,opt,uniform500,500,4,8,30,240,350,7,1,0.15,17307.9,8.65137,4.365,-1,56,56,56,0,uniform500,50
island-fixed,opt,uniform500,500,4,8,30,240,350,8,1,0.15,17195.1,7.9431,4.365,-1,56,56,56,0,uniform500,50
island-fixed,opt,uniform500,500,4,8,30,240,400,1,1,0.15,16681.2,4.71748,5.176,-1,32,32,32,0,uniform500,100
island-fixed,opt,uniform500,500,4,8,30,240,400,2,1,0.15,16970.2,6.53165,5.21,-1,32,32,32,0,uniform500,100
island-fixed,opt,uniform500,500,4,8,30,240,400,3,1,0.15,17382.5,9.12002,5.208,-1,32,32,32,0,uniform500,100
island-fixed,opt,uniform500,500,4,8,30,240,300,4,1,0.15,17531.2,10.0532,4.06,-1,24,24,24,0,uniform500,100
island-fixed,opt,uniform500,500,4,8,30,240,400,5,1,0.15,17233.2,8.1827,5.275,-1,32,32,32,0,uniform500,100
island-fixed,opt,uniform500,500,4,8,30,240,400,6,1,0.15,17076.8,7.20057,5.201,-1,32,32,32,0,uniform500,100
island-fixed,opt,uniform500,500,4,8,30,240,300,7,1,0.15,17388.6,9.15799,4.2,-1,24,24,24,0,uniform500,100
island-fixed,opt,uniform500,500,4,8,30,240,300,8,1,0.15,17208.4,8.02679,4.036,-1,24,24,24,0,uniform500,100
island-fixed,opt,uniform500,500,4,8,30,240,400,1,1,0.15,16809.2,5.52093,5.398,-1,16,16,16,0,uniform500,200
island-fixed,opt,uniform500,500,4,8,30,240,400,2,1,0.15,17082.3,7.23552,5.578,-1,16,16,16,0,uniform500,200
island-fixed,opt,uniform500,500,4,8,30,240,400,3,1,0.15,17382.7,9.12075,5.388,-1,16,16,16,0,uniform500,200
island-fixed,opt,uniform500,500,4,8,30,240,400,4,1,0.15,17522.9,10.0012,5.402,-1,16,16,16,0,uniform500,200
island-fixed,opt,uniform500,500,4,8,30,240,400,5,1,0.15,17269.4,8.40983,5.256,-1,16,16,16,0,uniform500,200
island-fixed,opt,uniform500,500,4,8,30,240,400,6,1,0.15,17092.9,7.3016,5.327,-1,16,16,16,0,uniform500,200
island-fixed,opt,uniform500,500,4,8,30,240,400,7,1,0.15,17434.4,9.44536,5.739,-1,16,16,16,0,uniform500,200
island-fixed,opt,uniform500,500,4,8,30,240,400,8,1,0.15,17200.2,7.97535,5.536,-1,16,16,16,0,uniform500,200
island-dtam,opt,uniform500,500,4,8,30,240,285,1,1,0.15,16585.6,4.11694,4.066,-1,428,428,456,0,uniform500,5
island-dtam,opt,uniform500,500,4,8,30,240,280,2,1,0.15,16821.3,5.59651,4.015,-1,433,433,448,0,uniform500,5
island-dtam,opt,uniform500,500,4,8,30,240,275,3,1,0.15,17255.8,8.32415,4.01,-1,423,423,440,0,uniform500,5
island-dtam,opt,uniform500,500,4,8,30,240,280,4,1,0.15,17400.6,9.23362,4.007,-1,432,432,448,0,uniform500,5
island-dtam,opt,uniform500,500,4,8,30,240,270,5,1,0.15,17130.6,7.53818,4.048,-1,418,418,432,0,uniform500,5
island-dtam,opt,uniform500,500,4,8,30,240,285,6,1,0.15,16842,5.72699,4.055,-1,436,436,456,0,uniform500,5
island-dtam,opt,uniform500,500,4,8,30,240,280,7,1,0.15,17277.6,8.46115,4.024,-1,433,433,448,0,uniform500,5
island-dtam,opt,uniform500,500,4,8,30,240,275,8,1,0.15,16831.5,5.66074,4.005,-1,416,416,440,0,uniform500,5
island-dtam,opt,uniform500,500,4,8,30,240,300,1,1,0.15,16571.9,4.0311,4.119,-1,230,230,240,0,uniform500,10
island-dtam,opt,uniform500,500,4,8,30,240,290,2,1,0.15,16743.9,5.11077,4.001,-1,224,224,232,0,uniform500,10
island-dtam,opt,uniform500,500,4,8,30,240,290,3,1,0.15,17240.3,8.22682,4.036,-1,227,227,232,0,uniform500,10
island-dtam,opt,uniform500,500,4,8,30,240,300,4,1,0.15,17310.3,8.66659,4.075,-1,234,234,240,0,uniform500,10
island-dtam,opt,uniform500,500,4,8,30,240,280,5,1,0.15,16925.8,6.25304,4.051,-1,217,217,224,0,uniform500,10
island-dtam,opt,uniform500,500,4,8,30,240,300,6,1,0.15,17167,7.76708,4.162,-1,234,234,240,0,uniform500,10
island-dtam,opt,uniform500,500,4,8,30,240,290,7,1,0.15,17270.2,8.41462,4.028,-1,225,225,232,0,uniform500,10
island-dtam,opt,uniform500,500,4,8,30,240,290,8,1,0.15,17089.7,7.28197,4.022,-1,224,224,232,0,uniform500,10
island-dtam,opt,uniform500,500,4,8,30,240,275,1,1,0.15,16622.9,4.35124,4.199,-1,88,88,88,0,uniform500,25
island-dtam,opt,uniform500,500,4,8,30,240,300,2,1,0.15,16889.8,6.0271,4.247,-1,96,96,96,0,uniform500,25
island-dtam,opt,uniform500,500,4,8,30,240,300,3,1,0.15,17244.3,8.25208,4.085,-1,96,96,96,0,uniform500,25
island-dtam,opt,uniform500,500,4,8,30,240,300,4,1,0.15,17239.6,8.22255,4.066,-1,96,96,96,0,uniform500,25
island-dtam,opt,uniform500,500,4,8,30,240,300,5,1,0.15,17169.6,7.78349,4.015,-1,96,96,96,0,uniform500,25
island-dtam,opt,uniform500,500,4,8,30,240,325,6,1,0.15,17031.4,6.91584,4.301,-1,104,104,104,0,uniform500,25
island-dtam,opt,uniform500,500,4,8,30,240,325,7,1,0.15,17250.2,8.2891,4.25,-1,104,104,104,0,uniform500,25
island-dtam,opt,uniform500,500,4,8,30,240,300,8,1,0.15,17059.7,7.09353,4.078,-1,96,96,96,0,uniform500,25
island-dtam,opt,uniform500,500,4,8,30,240,350,1,1,0.15,16830,5.65112,4.667,-1,56,56,56,0,uniform500,50
island-dtam,opt,uniform500,500,4,8,30,240,300,2,1,0.15,17061.4,7.10398,4.052,-1,48,48,48,0,uniform500,50
island-dtam,opt,uniform500,500,4,8,30,240,300,3,1,0.15,17339,8.84676,4.189,-1,48,48,48,0,uniform500,50
island-dtam,opt,uniform500,500,4,8,30,240,300,4,1,0.15,17468.2,9.65793,4.017,-1,48,48,48,0,uniform500,50
island-dtam,opt,uniform500,500,4,8,30,240,300,5,1,0.15,17248.8,8.28035,4.13,-1,48,48,48,0,uniform500,50
island-dtam,opt,uniform500,500,4,8,30,240,300,6,1,0.15,16934.3,6.30623,4.196,-1,48,48,48,0,uniform500,50
island-dtam,opt,uniform500,500,4,8,30,240,300,7,1,0.15,17355.9,8.95282,4.079,-1,48,48,48,0,uniform500,50
island-dtam,opt,uniform500,500,4,8,30,240,300,8,1,0.15,17208.4,8.02679,4.024,-1,48,48,48,0,uniform500,50
island-dtam,opt,uniform500,500,4,8,30,240,300,1,1,0.15,16836,5.68935,4.162,-1,24,24,24,0,uniform500,100
island-dtam,opt,uniform500,500,4,8,30,240,300,2,1,0.15,16926.4,6.25626,4.073,-1,24,24,24,0,uniform500,100
island-dtam,opt,uniform500,500,4,8,30,240,300,3,1,0.15,17489.4,9.79061,4.007,-1,24,24,24,0,uniform500,100
island-dtam,opt,uniform500,500,4,8,30,240,300,4,1,0.15,17531.2,10.0532,4.33,-1,24,24,24,0,uniform500,100
island-dtam,opt,uniform500,500,4,8,30,240,300,5,1,0.15,17261.9,8.36268,4.208,-1,24,24,24,0,uniform500,100
island-dtam,opt,uniform500,500,4,8,30,240,300,6,1,0.15,17257,8.33186,4.001,-1,24,24,24,0,uniform500,100
island-dtam,opt,uniform500,500,4,8,30,240,300,7,1,0.15,17434.4,9.44536,4.15,-1,24,24,24,0,uniform500,100
island-dtam,opt,uniform500,500,4,8,30,240,400,8,1,0.15,17200.2,7.97535,5.208,-1,32,32,32,0,uniform500,100
island-dtam,opt,uniform500,500,4,8,30,240,400,1,1,0.15,16809.2,5.52093,5.503,-1,16,16,16,0,uniform500,200
island-dtam,opt,uniform500,500,4,8,30,240,400,2,1,0.15,16926.4,6.25626,5.686,-1,16,16,16,0,uniform500,200
island-dtam,opt,uniform500,500,4,8,30,240,400,3,1,0.15,17450,9.54351,5.358,-1,16,16,16,0,uniform500,200
island-dtam,opt,uniform500,500,4,8,30,240,400,4,1,0.15,17352.4,8.93109,5.42,-1,16,16,16,0,uniform500,200
island-dtam,opt,uniform500,500,4,8,30,240,400,5,1,0.15,17269.4,8.40983,5.33,-1,16,16,16,0,uniform500,200
island-dtam,opt,uniform500,500,4,8,30,240,400,6,1,0.15,17063.4,7.11685,5.288,-1,16,16,16,0,uniform500,200
island-dtam,opt,uniform500,500,4,8,30,240,400,7,1,0.15,17434.4,9.44536,5.356,-1,16,16,16,0,uniform500,200
island-dtam,opt,uniform500,500,4,8,30,240,400,8,1,0.15,17200.2,7.97535,5.347,-1,16,16,16,0,uniform500,200
island-fixed,opt,clustered600,600,4,8,30,240,6370,1,0,0.15,6589.93,-1,4.003,-1,10192,10160,10192,0,clustered600,5
island-fixed,opt,clustered600,600,4,8,30,240,6360,2,0,0.15,6955.19,-1,4.002,-1,10176,10137,10176,0,clustered600,5
island-fixed,opt,clustered600,600,4,8,30,240,5955,3,0,0.15,7151.55,-1,4.002,-1,9528,9478,9528,0,clustered600,5
island-fixed,opt,clustered600,600,4,8,30,240,6350,4,0,0.15,6639.62,-1,4.001,-1,10160,10125,10160,0,clustered600,5
island-fixed,opt,clustered600,600,4,8,30,240,6045,5,0,0.15,7800.56,-1,4,-1,9672,9632,9672,0,clustered600,5
island-fixed,opt,clustered600,600,4,8,30,240,6115,6,0,0.15,6701.76,-1,4.003,-1,9784,9742,9784,0,clustered600,5
island-fixed,opt,clustered600,600,4,8,30,240,6050,7,0,0.15,7549.74,-1,4,-1,9680,9647,9680,0,clustered600,5
island-fixed,opt,clustered600,600,4,8,30,240,6560,8,0,0.15,5943.99,-1,4,-1,10496,10447,10496,0,clustered600,5
island-fixed,opt,clustered600,600,4,8,30,240,7800,1,0,0.15,6616.58,-1,4.004,-1,6240,6229,6240,0,clustered600,10
island-fixed,opt,clustered600,600,4,8,30,240,7830,2,0,0.15,7006.9,-1,4.003,-1,6264,6255,6264,0,clustered600,10
island-fixed,opt,clustered600,600,4,8,30,240,7170,3,0,0.15,7143.03,-1,4.002,-1,5736,5728,5736,0,clustered600,10
island-fixed,opt,clustered600,600,4,8,30,240,7530,4,0,0.15,6776.24,-1,4.002,-1,6024,6014,6024,0,clustered600,10
island-fixed,opt,clustered600,600,4,8,30,240,7320,5,0,0.15,7940.47,-1,4.005,-1,5856,5846,5856,0,clustered600,10
island-fixed,opt,clustered600,600,4,8,30,240,7170,6,0,0.15,6865.37,-1,4.005,-1,5736,5730,5736,0,clustered600,10
island-fixed,opt,clustered600,600,4,8,30,240,6970,7,0,0.15,8404.9,-1,4.002,-1,5576,5571,5576,0,clustered600,10
island-fixed,opt,clustered600,600,4,8,30,240,7430,8,0,0.15,6321.97,-1,4.002,-1,5944,5937,5944,0,clustered600,10
island-fixed,opt,clustered600,600,4,8,30,240,7525,1,0,0.15,8093.54,-1,4,-1,2408,2408,2408,0,clustered600,25
island-fixed,opt,clustered600,600,4,8,30,240,7175,2,0,0.15,8434.11,-1,4.005,-1,2296,2296,2296,0,clustered600,25
island-fixed,opt,clustered600,600,4,8,30,240,7875,3,0,0.15,8523.19,-1,4.003,-1,2520,2520,2520,0,clustered600,25
island-fixed,opt,clustered600,600,4,8,30,240,8925,4,0,0.15,6693.4,-1,4.002,-1,2856,2856,2856,0,clustered600,25
island-fixed,opt,clustered600,600,4,8,30,240,8975,5,0,0.15,7885.02,-1,4.004,-1,2872,2872,2872,0,clustered600,25
island-fixed,opt,clustered600,600,4,8,30,240,8725,6,0,0.15,7451.33,-1,4.006,-1,2792,2792,2792,0,clustered600,25
island-fixed,opt,clustered600,600,4,8,30,240,7725,7,0,0.15,9054.8,-1,4.007,-1,2472,2472,2472,0,clustered600,25
island-fixed,opt,clustered600,600,4,8,30,240,8100,8,0,0.15,7836.28,-1,4.01,-1,2592,2592,2592,0,clustered600,25
island-fixed,opt,clustered600,600,4,8,30,240,9600,1,0,0.15,8299.33,-1,4.008,-1,1536,1536,1536,0,clustered600,50
island-fixed,opt,clustered600,600,4,8,30,240,9100,2,0,0.15,9381.34,-1,4.015,-1,1456,1456,1456,0,clustered600,50
island-fixed,opt,clustered600,600,4,8,30,240,9200,3,0,0.15,9065.46,-1,4.014,-1,1472,1472,1472,0,clustered600,50
island-fixed,opt,clustered600,600,4,8,30,240,9000,4,0,0.15,8242.66,-1,4.01,-1,1440,1440,1440,0,clustered600,50
island-fixed,opt,clustered600,600,4,8,30,240,9200,5,0,0.15,9436.01,-1,4.018,-1,1472,1472,1472,0,clustered600,50
island-fixed,opt,clustered600,600,4,8,30,240,9100,6,0,0.15,7955.57,-1,4,-1,1456,1456,1456,0,clustered600,50
island-fixed,opt,clustered600,600,4,8,30,240,9050,7,0,0.15,9207.83,-1,4.002,-1,1448,1448,1448,0,clustered600,50
island-fixed,opt,clustered600,600,4,8,30,240,9350,8,0,0.15,7606.77,-1,4.022,-1,1496,1496,1496,0,clustered600,50
island-fixed,opt,clustered600,600,4,8,30,240,9400,1,0,0.15,9821.22,-1,4.007,-1,752,752,752,0,clustered600,100
island-fixed,opt,clustered600,600,4,8,30,240,9600,2,0,0.15,8880.14,-1,4.011,-1,768,768,768,0,clustered600,100
island-fixed,opt,clustered600,600,4,8,30,240,9300,3,0,0.15,8948.78,-1,4.002,-1,744,744,744,0,clustered600,100
island-fixed,opt,clustered600,600,4,8,30,240,9000,4,0,0.15,8834.99,-1,4.018,-1,720,720,720,0,clustered600,100
island-fixed,opt,clustered600,600,4,8,30,240,9100,5,0,0.15,10226.7,-1,4.007,-1,728,728,728,0,clustered600,100
island-fixed,opt,clustered600,600,4,8,30,240,9700,6,0,0.15,8869.63,-1,4.015,-1,776,776,776,0,clustered600,100
island-fixed,opt,clustered600,600,4,8,30,240,9700,7,0,0.15,9078.54,-1,4.028,-1,776,776,776,0,clustered600,100
island-fixed,opt,clustered600,600,4,8,30,240,9100,8,0,0.15,8765.94,-1,4.017,-1,728,728,728,0,clustered600,100
island-fixed,opt,clustered600,600,4,8,30,240,9400,1,0,0.15,9844.23,-1,4.062,-1,376,376,376,0,clustered600,200
island-fixed,opt,clustered600,600,4,8,30,240,8800,2,0,0.15,10550.3,-1,4.015,-1,352,352,352,0,clustered600,200
island-fixed,opt,clustered600,600,4,8,30,240,9800,3,0,0.15,9471.24,-1,4.045,-1,392,392,392,0,clustered600,200
island-fixed,opt,clustered600,600,4,8,30,240,9600,4,0,0.15,8491.03,-1,4.033,-1,384,384,384,0,clustered600,200
island-fixed,opt,clustered600,600,4,8,30,240,10000,5,0,0.15,10207.4,-1,4.075,-1,400,400,400,0,clustered600,200
island-fixed,opt,clustered600,600,4,8,30,240,9400,6,0,0.15,9515.08,-1,4.005,-1,376,376,376,0,clustered600,200
island-fixed,opt,clustered600,600,4,8,30,240,9000,7,0,0.15,10471.9,-1,4.073,-1,360,360,360,0,clustered600,200
island-fixed,opt,clustered600,600,4,8,30,240,10000,8,0,0.15,8100.46,-1,4.066,-1,400,400,400,0,clustered600,200
island-dtam,opt,clustered600,600,4,8,30,240,4145,1,0,0.15,8504.96,-1,4,-1,6589,6589,6632,0,clustered600,5
island-dtam,opt,clustered600,600,4,8,30,240,4210,2,0,0.15,8331.13,-1,4.002,-1,6697,6697,6736,0,clustered600,5
island-dtam,opt,clustered600,600,4,8,30,240,4305,3,0,0.15,7519.67,-1,4.004,-1,6854,6854,6888,0,clustered600,5
island-dtam,opt,clustered600,600,4,8,30,240,4200,4,0,0.15,7462.83,-1,4.001,-1,6685,6685,6720,0,clustered600,5
island-dtam,opt,clustered600,600,4,8,30,240,4100,5,0,0.15,8618.51,-1,4,-1,6513,6513,6560,0,clustered600,5
island-dtam,opt,clustered600,600,4,8,30,240,4290,6,0,0.15,7820.16,-1,4,-1,6824,6824,6864,0,clustered600,5
island-dtam,opt,clustered600,600,4,8,30,240,4225,7,0,0.15,8551.63,-1,4.003,-1,6724,6724,6760,0,clustered600,5
island-dtam,opt,clustered600,600,4,8,30,240,4250,8,0,0.15,6477.39,-1,4.003,-1,6762,6762,6800,0,clustered600,5
island-dtam,opt,clustered600,600,4,8,30,240,5790,1,0,0.15,7277.41,-1,4,-1,4624,4624,4632,0,clustered600,10
island-dtam,opt,clustered600,600,4,8,30,240,5630,2,0,0.15,7927.16,-1,4,-1,4499,4499,4504,0,clustered600,10
island-dtam,opt,clustered600,600,4,8,30,240,5930,3,0,0.15,8046.19,-1,4.004,-1,4736,4736,4744,0,clustered600,10
island-dtam,opt,clustered600,600,4,8,30,240,6010,4,0,0.15,6738.53,-1,4.002,-1,4798,4798,4808,0,clustered600,10
island-dtam,opt,clustered600,600,4,8,30,240,5550,5,0,0.15,8738.48,-1,4.007,-1,4430,4430,4440,0,clustered600,10
island-dtam,opt,clustered600,600,4,8,30,240,5980,6,0,0.15,7442.78,-1,4.005,-1,4777,4777,4784,0,clustered600,10
island-dtam,opt,clustered600,600,4,8,30,240,5840,7,0,0.15,8171.8,-1,4.004,-1,4664,4664,4672,0,clustered600,10
island-dtam,opt,clustered600,600,4,8,30,240,5870,8,0,0.15,7376.13,-1,4.001,-1,4686,4686,4696,0,clustered600,10
island-dtam,opt,clustered600,600,4,8,30,240,7775,1,0,0.15,7806.96,-1,4.002,-1,2488,2488,2488,0,clustered600,25
island-dtam,opt,clustered600,600,4,8,30,240,7325,2,0,0.15,7675.4,-1,4.009,-1,2344,2344,2344,0,clustered600,25
island-dtam,opt,clustered600,600,4,8,30,240,7800,3,0,0.15,8880.89,-1,4.009,-1,2496,2496,2496,0,clustered600,25
island-dtam,opt,clustered600,600,4,8,30,240,7725,4,0,0.15,7206.11,-1,4.011,-1,2472,2472,2472,0,clustered600,25
island-dtam,opt,clustered600,600,4,8,30,240,7850,5,0,0.15,8432.43,-1,4.009,-1,2512,2512,2512,0,clustered600,25
island-dtam,opt,clustered600,600,4,8,30,240,7000,6,0,0.15,8804.92,-1,4.002,-1,2240,2240,2240,0,clustered600,25
island-dtam,opt,clustered600,600,4,8,30,240,7475,7,0,0.15,8893.61,-1,4.01,-1,2392,2392,2392,0,clustered600,25
island-dtam,opt,clustered600,600,4,8,30,240,7700,8,0,0.15,6894.96,-1,4.003,-1,2464,2464,2464,0,clustered600,25
island-dtam,opt,clustered600,600,4,8,30,240,8750,1,0,0.15,8095.53,-1,4.003,-1,1400,1400,1400,0,clustered600,50
island-dtam,opt,clustered600,600,4,8,30,240,8150,2,0,0.15,9211.08,-1,4.021,-1,1304,1304,1304,0,clustered600,50
island-dtam,opt,clustered600,600,4,8,30,240,8300,3,0,0.15,9223.25,-1,4.017,-1,1328,1328,1328,0,clustered600,50
island-dtam,opt,clustered600,600,4,8,30,240,8550,4,0,0.15,7509.11,-1,4,-1,1368,1368,1368,0,clustered600,50
island-dtam,opt,clustered600,600,4,8,30,240,7950,5,0,0.15,10541.8,-1,4.02,-1,1272,1272,1272,0,clustered600,50
island-dtam,opt,clustered600,600,4,8,30,240,8200,6,0,0.15,8384.12,-1,4.002,-1,1312,1312,1312,0,clustered600,50
island-dtam,opt,clustered600,600,4,8,30,240,8200,7,0,0.15,10104.2,-1,4.006,-1,1312,1312,1312,0,clustered600,50
island-dtam,opt,clustered600,600,4,8,30,240,8250,8,0,0.15,8162.68,-1,4.019,-1,1320,1320,1320,0,clustered600,50
island-dtam,opt,clustered600,600,4,8,30,240,9000,1,0,0.15,9246.84,-1,4.037,-1,720,720,720,0,clustered600,100
island-dtam,opt,clustered600,600,4,8,30,240,9200,2,0,0.15,9648.91,-1,4.012,-1,736,736,736,0,clustered600,100
island-dtam,opt,clustered600,600,4,8,30,240,8100,3,0,0.15,10105.9,-1,4.018,-1,648,648,648,0,clustered600,100
island-dtam,opt,clustered600,600,4,8,30,240,8700,4,0,0.15,8675,-1,4.012,-1,696,696,696,0,clustered600,100
island-dtam,opt,clustered600,600,4,8,30,240,9100,5,0,0.15,9472.34,-1,4.031,-1,728,728,728,0,clustered600,100
island-dtam,opt,clustered600,600,4,8,30,240,8200,6,0,0.15,9625.62,-1,4.002,-1,656,656,656,0,clustered600,100
island-dtam,opt,clustered600,600,4,8,30,240,9100,7,0,0.15,9295.33,-1,4.034,-1,728,728,728,0,clustered600,100
island-dtam,opt,clustered600,600,4,8,30,240,8500,8,0,0.15,8662.92,-1,4.015,-1,680,680,680,0,clustered600,100
island-dtam,opt,clustered600,600,4,8,30,240,9400,1,0,0.15,9875.34,-1,4.055,-1,376,376,376,0,clustered600,200
island-dtam,opt,clustered600,600,4,8,30,240,9600,2,0,0.15,9889.7,-1,4.033,-1,384,384,384,0,clustered600,200
island-dtam,opt,clustered600,600,4,8,30,240,8600,3,0,0.15,10388.3,-1,4.048,-1,344,344,344,0,clustered600,200
island-dtam,opt,clustered600,600,4,8,30,240,9600,4,0,0.15,9380.56,-1,4.019,-1,384,384,384,0,clustered600,200
island-dtam,opt,clustered600,600,4,8,30,240,9200,5,0,0.15,11146.3,-1,4.059,-1,368,368,368,0,clustered600,200
island-dtam,opt,clustered600,600,4,8,30,240,9400,6,0,0.15,9394.89,-1,4.057,-1,376,376,376,0,clustered600,200
island-dtam,opt,clustered600,600,4,8,30,240,9000,7,0,0.15,12314,-1,4.064,-1,360,360,360,0,clustered600,200
island-dtam,opt,clustered600,600,4,8,30,240,9400,8,0,0.15,9231.95,-1,4.062,-1,376,376,376,0,clustered600,200
island-fixed,opt,clustered600,600,4,8,30,240,185,1,1,0.15,5244.81,-1,4.045,-1,296,281,296,0,clustered600,5
island-fixed,opt,clustered600,600,4,8,30,240,190,2,1,0.15,5608.94,-1,4.059,-1,304,292,304,0,clustered600,5
island-fixed,opt,clustered600,600,4,8,30,240,180,3,1,0.15,5347,-1,4.006,-1,288,273,288,0,clustered600,5
island-fixed,opt,clustered600,600,4,8,30,240,190,4,1,0.15,4677.1,-1,4.093,-1,304,292,304,0,clustered600,5
island-fixed,opt,clustered600,600,4,8,30,240,185,5,1,0.15,5851.57,-1,4.026,-1,296,279,296,0,clustered600,5
island-fixed,opt,clustered600,600,4,8,30,240,190,6,1,0.15,5121.69,-1,4.095,-1,304,286,304,0,clustered600,5
island-fixed,opt,clustered600,600,4,8,30,240,190,7,1,0.15,5967.02,-1,4.083,-1,304,287,304,0,clustered600,5
island-fixed,opt,clustered600,600,4,8,30,240,190,8,1,0.15,4775.48,-1,4.039,-1,304,286,304,0,clustered600,5
island-fixed,opt,clustered600,600,4,8,30,240,200,1,1,0.15,5301.17,-1,4.176,-1,160,157,160,0,clustered600,10
island-fixed,opt,clustered600,600,4,8,30,240,200,2,1,0.15,5579.81,-1,4.172,-1,160,158,160,0,clustered600,10
island-fixed,opt,clustered600,600,4,8,30,240,190,3,1,0.15,5363.82,-1,4.098,-1,152,150,152,0,clustered600,10
island-fixed,opt,clustered600,600,4,8,30,240,190,4,1,0.15,4688.27,-1,4.003,-1,152,147,152,0,clustered600,10
island-fixed,opt,clustered600,600,4,8,30,240,190,5,1,0.15,5778.7,-1,4.006,-1,152,147,152,0,clustered600,10
island-fixed,opt,clustered600,600,4,8,30,240,200,6,1,0.15,5151.74,-1,4.177,-1,160,159,160,0,clustered600,10
island-fixed,opt,clustered600,600,4,8,30,240,190,7,1,0.15,5968.44,-1,4.197,-1,152,146,152,0,clustered600,10
island-fixed,opt,clustered600,600,4,8,30,240,200,8,1,0.15,4751.63,-1,4.108,-1,160,158,160,0,clustered600,10
island-fixed,opt,clustered600,600,4,8,30,240,200,1,1,0.15,5290.35,-1,4.143,-1,64,64,64,0,clustered600,25
island-fixed,opt,clustered600,600,4,8,30,240,200,2,1,0.15,5574.66,-1,4.096,-1,64,64,64,0,clustered600,25
island-fixed,opt,clustered600,600,4,8,30,240,200,3,1,0.15,5362.31,-1,4.269,-1,64,64,64,0,clustered600,25
island-fixed,opt,clustered600,600,4,8,30,240,200,4,1,0.15,4699.3,-1,4.132,-1,64,64,64,0,clustered600,25
island-fixed,opt,clustered600,600,4,8,30,240,200,5,1,0.15,5822.94,-1,4.17,-1,64,64,64,0,clustered600,25
island-fixed,opt,clustered600,600,4,8,30,240,200,6,1,0.15,5157.44,-1,4.158,-1,64,64,64,0,clustered600,25
island-fixed,opt,clustered600,600,4,8,30,240,200,7,1,0.15,5992.35,-1,4.098,-1,64,64,64,0,clustered600,25
island-fixed,opt,clustered600,600,4,8,30,240,200,8,1,0.15,4800.86,-1,4.119,-1,64,64,64,0,clustered600,25
island-fixed,opt,clustered600,600,4,8,30,240,200,1,1,0.15,5311.56,-1,4.181,-1,32,32,32,0,clustered600,50
island-fixed,opt,clustered600,600,4,8,30,240,200,2,1,0.15,5639.55,-1,4.246,-1,32,32,32,0,clustered600,50
island-fixed,opt,clustered600,600,4,8,30,240,200,3,1,0.15,5404.46,-1,4.176,-1,32,32,32,0,clustered600,50
island-fixed,opt,clustered600,600,4,8,30,240,200,4,1,0.15,4714.75,-1,4.173,-1,32,32,32,0,clustered600,50
island-fixed,opt,clustered600,600,4,8,30,240,200,5,1,0.15,5853.11,-1,4.282,-1,32,32,32,0,clustered600,50
island-fixed,opt,clustered600,600,4,8,30,240,200,6,1,0.15,5171.09,-1,4.122,-1,32,32,32,0,clustered600,50
island-fixed,opt,clustered600,600,4,8,30,240,200,7,1,0.15,6007.59,-1,4.119,-1,32,32,32,0,clustered600,50
island-fixed,opt,clustered600,600,4,8,30,240,200,8,1,0.15,4796.55,-1,4.092,-1,32,32,32,0,clustered600,50
island-fixed,opt,clustered600,600,4,8,30,240,200,1,1,0.15,5288.8,-1,4.138,-1,16,16,16,0,clustered600,100
island-fixed,opt,clustered600,600,4,8,30,240,200,2,1,0.15,5620.53,-1,4.388,-1,16,16,16,0,clustered600,100
island-fixed,opt,clustered600,600,4,8,30,240,200,3,1,0.15,5419.88,-1,4.196,-1,16,16,16,0,clustered600,100
island-fixed,opt,clustered600,600,4,8,30,240,200,4,1,0.15,4740.6,-1,4.152,-1,16,16,16,0,clustered600,100
island-fixed,opt,clustered600,600,4,8,30,240,200,5,1,0.15,5879.99,-1,4.143,-1,16,16,16,0,clustered600,100
island-fixed,opt,clustered600,600,4,8,30,240,200,6,1,0.15,5195.13,-1,4.074,-1,16,16,16,0,clustered600,100
island-fixed,opt,clustered600,600,4,8,30,240,200,7,1,0.15,6027.17,-1,4.005,-1,16,16,16,0,clustered600,100
island-fixed,opt,clustered600,600,4,8,30,240,200,8,1,0.15,4812.13,-1,4.085,-1,16,16,16,0,clustered600,100
island-fixed,opt,clustered600,600,4,8,30,240,200,1,1,0.15,5320.14,-1,4.362,-1,8,8,8,0,clustered600,200
island-fixed,opt,clustered600,600,4,8,30,240,200,2,1,0.15,5654.69,-1,4.351,-1,8,8,8,0,clustered600,200
island-fixed,opt,clustered600,600,4,8,30,240,200,3,1,0.15,5419.88,-1,4.411,-1,8,8,8,0,clustered600,200
island-fixed,opt,clustered600,600,4,8,30,240,200,4,1,0.15,4750.71,-1,4.311,-1,8,8,8,0,clustered600,200
island-fixed,opt,clustered600,600,4,8,30,240,200,5,1,0.15,5878.84,-1,4.319,-1,8,8,8,0,clustered600,200
island-fixed,opt,clustered600,600,4,8,30,240,200,6,1,0.15,5190.56,-1,4.227,-1,8,8,8,0,clustered600,200
island-fixed,opt,clustered600,600,4,8,30,240,200,7,1,0.15,6027.17,-1,4.185,-1,8,8,8,0,clustered600,200
island-fixed,opt,clustered600,600,4,8,30,240,200,8,1,0.15,4818.7,-1,4.239,-1,8,8,8,0,clustered600,200
island-dtam,opt,clustered600,600,4,8,30,240,185,1,1,0.15,5243.54,-1,4.088,-1,278,278,296,0,clustered600,5
island-dtam,opt,clustered600,600,4,8,30,240,185,2,1,0.15,5561.8,-1,4.056,-1,279,279,296,0,clustered600,5
island-dtam,opt,clustered600,600,4,8,30,240,180,3,1,0.15,5351.73,-1,4.004,-1,273,273,288,0,clustered600,5
island-dtam,opt,clustered600,600,4,8,30,240,185,4,1,0.15,4661.64,-1,4.034,-1,269,269,296,0,clustered600,5
island-dtam,opt,clustered600,600,4,8,30,240,185,5,1,0.15,5804.87,-1,4.024,-1,279,279,296,0,clustered600,5
island-dtam,opt,clustered600,600,4,8,30,240,190,6,1,0.15,5137.83,-1,4.095,-1,290,290,304,0,clustered600,5
island-dtam,opt,clustered600,600,4,8,30,240,185,7,1,0.15,5937.65,-1,4.028,-1,280,280,296,0,clustered600,5
island-dtam,opt,clustered600,600,4,8,30,240,185,8,1,0.15,4768.91,-1,4.016,-1,284,284,296,0,clustered600,5
island-dtam,opt,clustered600,600,4,8,30,240,190,1,1,0.15,5273.58,-1,4.168,-1,149,149,152,0,clustered600,10
island-dtam,opt,clustered600,600,4,8,30,240,190,2,1,0.15,5560.92,-1,4.164,-1,149,149,152,0,clustered600,10
island-dtam,opt,clustered600,600,4,8,30,240,190,3,1,0.15,5372.58,-1,4.098,-1,149,149,152,0,clustered600,10
island-dtam,opt,clustered600,600,4,8,30,240,200,4,1,0.15,4672.04,-1,4.175,-1,154,154,160,0,clustered600,10
island-dtam,opt,clustered600,600,4,8,30,240,190,5,1,0.15,5796.23,-1,4.054,-1,148,148,152,0,clustered600,10
island-dtam,opt,clustered600,600,4,8,30,240,200,6,1,0.15,5150.67,-1,4.319,-1,157,157,160,0,clustered600,10
island-dtam,opt,clustered600,600,4,8,30,240,180,7,1,0.15,5955.28,-1,4.09,-1,140,140,144,0,clustered600,10
island-dtam,opt,clustered600,600,4,8,30,240,180,8,1,0.15,4753.16,-1,4.134,-1,141,141,144,0,clustered600,10
island-dtam,opt,clustered600,600,4,8,30,240,175,1,1,0.15,5313.54,-1,4.13,-1,56,56,56,0,clustered600,25
island-dtam,opt,clustered600,600,4,8,30,240,200,2,1,0.15,5594.96,-1,4.295,-1,64,64,64,0,clustered600,25
island-dtam,opt,clustered600,600,4,8,30,240,175,3,1,0.15,5400.07,-1,4.06,-1,56,56,56,0,clustered600,25
island-dtam,opt,clustered600,600,4,8,30,240,200,4,1,0.15,4723.72,-1,4.221,-1,64,64,64,0,clustered600,25
island-dtam,opt,clustered600,600,4,8,30,240,200,5,1,0.15,5854.12,-1,4.208,-1,64,64,64,0,clustered600,25
island-dtam,opt,clustered600,600,4,8,30,240,200,6,1,0.15,5146.48,-1,4.14,-1,64,64,64,0,clustered600,25
island-dtam,opt,clustered600,600,4,8,30,240,200,7,1,0.15,5987.33,-1,4.172,-1,64,64,64,0,clustered600,25
island-dtam,opt,clustered600,600,4,8,30,240,200,8,1,0.15,4782.36,-1,4.366,-1,64,64,64,0,clustered600,25
island-dtam,opt,clustered600,600,4,8,30,240,200,1,1,0.15,5320.14,-1,4.308,-1,32,32,32,0,clustered600,50
island-dtam,opt,clustered600,600,4,8,30,240,200,2,1,0.15,5618.22,-1,4.192,-1,32,32,32,0,clustered600,50
island-dtam,opt,clustered600,600,4,8,30,240,200,3,1,0.15,5400.61,-1,4.319,-1,32,32,32,0,clustered600,50
island-dtam,opt,clustered600,600,4,8,30,240,200,4,1,0.15,4687.11,-1,4.308,-1,32,32,32,0,clustered600,50
island-dtam,opt,clustered600,600,4,8,30,240,200,5,1,0.15,5865.8,-1,4.253,-1,32,32,32,0,clustered600,50
island-dtam,opt,clustered600,600,4,8,30,240,200,6,1,0.15,5146.48,-1,4.201,-1,32,32,32,0,clustered600,50
island-dtam,opt,clustered600,600,4,8,30,240,200,7,1,0.15,6008.22,-1,4.295,-1,32,32,32,0,clustered600,50
island-dtam,opt,clustered600,600,4,8,30,240,200,8,1,0.15,4815.48,-1,4.096,-1,32,32,32,0,clustered600,50
island-dtam,opt,clustered600,600,4,8,30,240,200,1,1,0.15,5320.14,-1,4.331,-1,16,16,16,0,clustered600,100
island-dtam,opt,clustered600,600,4,8,30,240,200,2,1,0.15,5654.69,-1,4.22,-1,16,16,16,0,clustered600,100
island-dtam,opt,clustered600,600,4,8,30,240,200,3,1,0.15,5406.41,-1,4.235,-1,16,16,16,0,clustered600,100
island-dtam,opt,clustered600,600,4,8,30,240,200,4,1,0.15,4750.71,-1,4.337,-1,16,16,16,0,clustered600,100
island-dtam,opt,clustered600,600,4,8,30,240,200,5,1,0.15,5885.37,-1,4.187,-1,16,16,16,0,clustered600,100
island-dtam,opt,clustered600,600,4,8,30,240,200,6,1,0.15,5190.56,-1,4.322,-1,16,16,16,0,clustered600,100
island-dtam,opt,clustered600,600,4,8,30,240,200,7,1,0.15,6027.17,-1,4.132,-1,16,16,16,0,clustered600,100
island-dtam,opt,clustered600,600,4,8,30,240,200,8,1,0.15,4803.69,-1,4.204,-1,16,16,16,0,clustered600,100
island-dtam,opt,clustered600,600,4,8,30,240,200,1,1,0.15,5320.14,-1,4.313,-1,8,8,8,0,clustered600,200
island-dtam,opt,clustered600,600,4,8,30,240,200,2,1,0.15,5654.69,-1,4.283,-1,8,8,8,0,clustered600,200
island-dtam,opt,clustered600,600,4,8,30,240,200,3,1,0.15,5419.88,-1,4.303,-1,8,8,8,0,clustered600,200
island-dtam,opt,clustered600,600,4,8,30,240,200,4,1,0.15,4750.71,-1,4.386,-1,8,8,8,0,clustered600,200
island-dtam,opt,clustered600,600,4,8,30,240,200,5,1,0.15,5878.84,-1,4.489,-1,8,8,8,0,clustered600,200
island-dtam,opt,clustered600,600,4,8,30,240,200,6,1,0.15,5190.56,-1,4.229,-1,8,8,8,0,clustered600,200
island-dtam,opt,clustered600,600,4,8,30,240,200,7,1,0.15,6027.17,-1,4.198,-1,8,8,8,0,clustered600,200
island-dtam,opt,clustered600,600,4,8,30,240,200,8,1,0.15,4818.7,-1,4.262,-1,8,8,8,0,clustered600,200
